"Inoculum","Family","CS_type_duo","CS_duo","CS1_mono","CS2_mono","ab1_corr","ab2_corr","ab_pred","ab_duo","rep_mono1","rep_mono2","rep_duo","rep_combo_inoc","epsi","cs1_type","cs2_type","dom_cs"
1,"Pseudomonadaceae","SA","glucose_benzoate","glucose","benzoate",0.00996366155066295,0.205693823704868,0.215657485255531,0.483625569,3,1,3,"313_1",0.267968083744469,"focal","additional","CS2"
1,"Pseudomonadaceae","AA","succinate_benzoate","succinate","benzoate",0.0349491096882163,0.210146070525982,0.245095180214198,0.804063457,3,1,3,"313_1",0.558968276785802,"focal","additional","CS2"
1,"Moraxellaceae","SA","glucose_benzoate","glucose","benzoate",0.000458852899648617,0.00127946123749851,0.00173831413714713,0.000463865,3,1,3,"313_1",-0.00127444913714713,"focal","additional","CS1"
1,"Moraxellaceae","AA","succinate_benzoate","succinate","benzoate",0.413023118435986,0.00130715520090873,0.414330273636894,0.002412098,3,1,3,"313_1",-0.411918175636894,"focal","additional","CS2"
1,"Enterobacteriaceae","SA","glucose_benzoate","glucose","benzoate",0.693064414541568,0.0204441586813727,0.713508573222941,0.514240654,3,1,3,"313_1",-0.199267919222941,"focal","additional","CS2"
1,"Enterobacteriaceae","AA","succinate_benzoate","succinate","benzoate",0.10270361009705,0.0208866728942938,0.123590282991344,0.014472586,3,1,3,"313_1",-0.109117696991344,"focal","additional","CS2"
1,"Rhizobiaceae","SA","glucose_benzoate","glucose","benzoate",0.000589953728119651,0.000381116200702765,0.000971069928822416,9.28e-05,3,1,3,"313_1",-0.000878269928822416,"focal","additional","CS2"
1,"Rhizobiaceae","AA","succinate_benzoate","succinate","benzoate",0.0898412976918886,0.000389365468291318,0.0902306631601799,0.000185546,3,1,3,"313_1",-0.0900451171601799,"focal","additional","CS2"
1,"Moraxellaceae","SS","glucose_cellobiose","glucose","cellobiose",0.00030698592250714,0.000440260813919391,0.000747246736426531,0.000649411,3,1,3,"313_1",-9.7835736426531e-05,"focal","additional","CS1"
1,"Moraxellaceae","SA","succinate_cellobiose","succinate","cellobiose",0.274358994364121,0.000446590947198712,0.274805585311319,0.000834957,3,1,3,"313_1",-0.273970628311319,"focal","additional","CS2"
1,"Enterobacteriaceae","SS","glucose_cellobiose","glucose","cellobiose",0.463680231328697,0.525475652817488,0.989155884146185,0.997958995,3,1,3,"313_1",0.00880311085381491,"focal","additional","CS2"
1,"Enterobacteriaceae","SA","succinate_cellobiose","succinate","cellobiose",0.0682229587789009,0.533031017301919,0.60125397608082,0.836441229,3,1,3,"313_1",0.23518725291918,"focal","additional","CS2"
1,"Rhizobiaceae","SS","glucose_cellobiose","glucose","cellobiose",0.000394696186080609,0.000489178682132657,0.000883874868213266,0,3,1,3,"313_1",-0.000883874868213266,"focal","additional","CS1"
1,"Rhizobiaceae","SA","succinate_cellobiose","succinate","cellobiose",0.0596789065475385,0.000496212163554125,0.0601751187110927,0.000371092,3,1,3,"313_1",-0.0598040267110927,"focal","additional","CS2"
1,"Pseudomonadaceae","SS","glucose_cellobiose","glucose","cellobiose",0.00666597908615484,0.000635932286772454,0.0073019113729273,0.001391595,3,1,3,"313_1",-0.0059103163729273,"focal","additional","CS2"
1,"Pseudomonadaceae","SA","succinate_cellobiose","succinate","cellobiose",0.0232156558797241,0.000645075812620362,0.0238607316923445,0.097968272,3,1,3,"313_1",0.0741075403076555,"focal","additional","CS1"
1,"Pseudomonadaceae","SS","glucose_fructose","glucose","fructose",0.00677643839874019,0.00106020556633963,0.00783664396507982,0.000556638,3,1,3,"313_1",-0.00728000596507982,"focal","additional","CS2"
1,"Pseudomonadaceae","SA","succinate_fructose","succinate","fructose",0.0236059775964268,0.00107570564616886,0.0246816832425957,0.007607385,3,1,3,"313_1",-0.0170742982425957,"focal","additional","CS2"
1,"Moraxellaceae","SS","glucose_fructose","glucose","fructose",0.000312072865255573,0.00101201440423328,0.00132408726948885,0,3,1,3,"313_1",-0.00132408726948885,"focal","additional","CS1"
1,"Moraxellaceae","SA","succinate_fructose","succinate","fructose",0.278971755434832,0.00102680993497936,0.279998565369812,0.001298822,3,1,3,"313_1",-0.278699743369812,"focal","additional","CS2"
1,"Rhizobiaceae","SS","glucose_fructose","glucose","fructose",0.000401236541042879,0.000530102783169815,0.000931339324212694,0,3,1,3,"313_1",-0.000931339324212694,"focal","additional","CS1"
1,"Rhizobiaceae","SA","succinate_fructose","succinate","fructose",0.0606822800199598,0.000537852823084428,0.0612201328430442,0.000371092,3,1,3,"313_1",-0.0608490408430442,"focal","additional","CS2"
1,"Enterobacteriaceae","SS","glucose_fructose","glucose","fructose",0.471363693720345,0.516175451091974,0.987539144812319,0.999350588,3,1,3,"313_1",0.011811443187681,"focal","additional","CS2"
1,"Enterobacteriaceae","SA","succinate_fructose","succinate","fructose",0.0693699822585337,0.523721875060898,0.593091857319432,0.982373132,3,1,3,"313_1",0.389281274680568,"focal","additional","CS2"
1,"Pseudomonadaceae","SA","glucose_fumarate","glucose","fumarate",0.00560530184118225,0.209274622647959,0.214879924489141,0.199554689,3,1,3,"313_1",-0.015325235489141,"focal","additional","CS1"
1,"Pseudomonadaceae","AA","succinate_fumarate","succinate","fumarate",0.0194770671486338,0.211799044862606,0.23127611201124,0.445217552,3,1,3,"313_1",0.21394143998876,"focal","additional","CS2"
1,"Rhizobiaceae","SA","glucose_fumarate","glucose","fumarate",0.00033189291924728,0.00514243222296927,0.00547432514221655,0.000927757,3,1,3,"313_1",-0.00454656814221655,"focal","additional","CS1"
1,"Rhizobiaceae","AA","succinate_fumarate","succinate","fumarate",0.050068370939226,0.00520446396851359,0.0552728349077396,0.004916969,3,1,3,"313_1",-0.0503558659077396,"focal","additional","CS2"
1,"Moraxellaceae","SA","glucose_fumarate","glucose","fumarate",0.000258138937192329,0.236607766818002,0.236865905755195,0.078578718,3,1,3,"313_1",-0.158287187755195,"focal","additional","CS1"
1,"Moraxellaceae","AA","succinate_fumarate","succinate","fumarate",0.230176936794134,0.239461901233135,0.469638838027269,0.2819371,3,1,3,"313_1",-0.187701738027269,"focal","additional","CS1"
1,"Enterobacteriaceae","SA","glucose_fumarate","glucose","fumarate",0.389900361341485,0.0969795586972465,0.486879920038731,0.6950552,3,1,3,"313_1",0.208175279961269,"focal","additional","CS1"
1,"Enterobacteriaceae","AA","succinate_fumarate","succinate","fumarate",0.0572365112620251,0.0981493964408025,0.155385907702828,0.062436218,3,1,3,"313_1",-0.092949689702828,"focal","additional","CS1"
1,"Rhizobiaceae","SA","glucose_glutamine","glucose","glutamine",0.000418734074123141,0.046894441672853,0.0473131757469761,0.000556638,3,1,3,"313_1",-0.0467565377469761,"focal","additional","CS1"
1,"Rhizobiaceae","AA","succinate_glutamine","succinate","glutamine",0.0633689763388825,0.0476103872751066,0.110979363613989,0.351424065,3,1,3,"313_1",0.240444701386011,"focal","additional","CS1"
1,"Enterobacteriaceae","SA","glucose_glutamine","glucose","glutamine",0.491919403333106,0.0158627156826035,0.507782119015709,0.946098896,3,1,3,"313_1",0.438316776984291,"focal","additional","CS1"
1,"Enterobacteriaceae","AA","succinate_glutamine","succinate","glutamine",0.0724413249291853,0.016104894523584,0.0885462194527694,0.126449578,3,1,3,"313_1",0.0379033585472306,"focal","additional","CS1"
1,"Pseudomonadaceae","SA","glucose_glutamine","glucose","glutamine",0.00707195224884997,0.242426690449193,0.249498642698043,0.024584841,3,1,3,"313_1",-0.224913801698043,"focal","additional","CS1"
1,"Pseudomonadaceae","AA","succinate_glutamine","succinate","glutamine",0.0246511277307334,0.246127860922803,0.270778988653537,0.299471194,3,1,3,"313_1",0.028692205346463,"focal","additional","CS2"
1,"Moraxellaceae","SA","glucose_glutamine","glucose","glutamine",0.000325682057651332,0.0020811146293843,0.00240679668703563,0.000371092,3,1,3,"313_1",-0.00203570468703563,"focal","additional","CS1"
1,"Moraxellaceae","AA","succinate_glutamine","succinate","glutamine",0.291323176445441,0.00211288736861612,0.293436063814057,0.210501902,3,1,3,"313_1",-0.082934161814057,"focal","additional","CS2"
1,"Enterobacteriaceae","SS","glucose_glycerol","glucose","glycerol",0.528049076627208,0.458321905889236,0.986370982516445,0.998886725,3,1,3,"313_1",0.012515742483555,"focal","additional","CS1"
1,"Enterobacteriaceae","SA","succinate_glycerol","succinate","glycerol",0.077849167821145,0.46584154262927,0.543690710450415,0.973188607,3,1,3,"313_1",0.429497896549585,"focal","additional","CS2"
1,"Pseudomonadaceae","SS","glucose_glycerol","glucose","glycerol",0.0075913611653741,0.00256978917963388,0.010161150345008,0.00092773,3,1,3,"313_1",-0.009233420345008,"focal","additional","CS2"
1,"Pseudomonadaceae","SA","succinate_glycerol","succinate","glycerol",0.0264913677595809,0.00261195142603977,0.0291033191856207,0.02393543,3,1,3,"313_1",-0.0051678891856207,"focal","additional","CS2"
1,"Rhizobiaceae","SS","glucose_glycerol","glucose","glycerol",0.000449488553805523,0.000385468446194477,0.000834957,0,3,1,3,"313_1",-0.000834957,"focal","additional","CS2"
1,"Rhizobiaceae","SA","succinate_glycerol","succinate","glycerol",0.0680995561370844,0.000391792784291527,0.0684913489213759,0.000371092,3,1,3,"313_1",-0.0681202569213759,"focal","additional","CS2"
1,"Moraxellaceae","SS","glucose_glycerol","glucose","glycerol",0.000349602208515407,0,0.000349602208515407,0.000185546,3,1,3,"313_1",-0.000164056208515407,"focal","additional","CS2"
1,"Moraxellaceae","SA","succinate_glycerol","succinate","glycerol",0.313070845618301,0,0.313070845618301,0.001298822,3,1,3,"313_1",-0.311772023618301,"focal","additional","CS2"
1,"Pseudomonadaceae","SS","glucose_ribose","glucose","ribose",0.00760363499717231,0.0600196960064832,0.0676233310036555,0.001298822,3,1,3,"313_1",-0.0663245090036555,"focal","additional","CS1"
1,"Pseudomonadaceae","SA","succinate_ribose","succinate","ribose",0.0265349033076228,0.0610060508126491,0.0875409541202719,0.203358382,3,1,3,"313_1",0.115817427879728,"focal","additional","CS2"
1,"Rhizobiaceae","SS","glucose_ribose","glucose","ribose",0.000450215293949279,0.0172706249290789,0.0177208402230282,0,3,1,3,"313_1",-0.0177208402230282,"focal","additional","CS1"
1,"Rhizobiaceae","SA","succinate_ribose","succinate","ribose",0.0682114700074721,0.0175544478245239,0.085765917831996,0.000649411,3,1,3,"313_1",-0.085116506831996,"focal","additional","CS2"
1,"Enterobacteriaceae","SS","glucose_ribose","glucose","ribose",0.528902834656438,0.379098764105981,0.908001598762419,0.998608405,3,1,3,"313_1",0.090606806237581,"focal","additional","CS1"
1,"Enterobacteriaceae","SA","succinate_ribose","succinate","ribose",0.0779771040687732,0.385328817119697,0.46330592118847,0.784117265,3,1,3,"313_1",0.32081134381153,"focal","additional","CS2"
1,"Moraxellaceae","SS","glucose_ribose","glucose","ribose",0.000350167450849439,0.00175271221645328,0.00210287966730272,9.28e-05,3,1,3,"313_1",-0.00201007966730272,"focal","additional","CS1"
1,"Moraxellaceae","SA","succinate_ribose","succinate","ribose",0.313585341923801,0.00178151602976046,0.315366857953561,0.001298822,3,1,3,"313_1",-0.314068035953561,"focal","additional","CS2"
1,"Rhizobiaceae","SA","glucose_benzoate","glucose","benzoate",6.74405728728408e-05,0.00256055666013184,0.00262799723300468,0,2,2,1,"221_1",-0.00262799723300468,"focal","additional","CS1"
1,"Rhizobiaceae","AA","succinate_benzoate","succinate","benzoate",0.281341232010368,0.00238151662709372,0.283722748637461,0.000649411,2,2,1,"221_1",-0.283073337637461,"focal","additional","CS2"
1,"Pseudomonadaceae","SA","glucose_benzoate","glucose","benzoate",0.00107873521847104,0.190292446935487,0.191371182153958,0.50635495,2,2,1,"221_1",0.314983767846042,"focal","additional","CS2"
1,"Pseudomonadaceae","AA","succinate_benzoate","succinate","benzoate",0.154440145503263,0.176986759732112,0.331426905235375,0.798497077,2,2,1,"221_1",0.467070171764625,"focal","additional","CS2"
1,"Moraxellaceae","SA","glucose_benzoate","glucose","benzoate",6.74405728728408e-05,0.00654082750907565,0.00660826808194849,0,2,2,1,"221_1",-0.00660826808194849,"focal","additional","CS1"
1,"Moraxellaceae","AA","succinate_benzoate","succinate","benzoate",0.00366726137587931,0.00608347774933191,0.00975073912521122,0.001113276,2,2,1,"221_1",-0.00863746312521122,"focal","additional","CS1"
1,"Enterobacteriaceae","SA","glucose_benzoate","glucose","benzoate",0.725314471882237,0.0194703776124352,0.744784849494672,0.493459504,2,2,1,"221_1",-0.251325345494672,"focal","additional","CS2"
1,"Enterobacteriaceae","AA","succinate_benzoate","succinate","benzoate",0.0320366431254569,0.0181089638599992,0.0501456069854561,0.00371092,2,2,1,"221_1",-0.0464346869854561,"focal","additional","CS2"
1,"Moraxellaceae","SS","glucose_cellobiose","glucose","cellobiose",4.40492595136015e-05,0.000731048348137605,0.000775097607651206,0.000463865,2,2,1,"221_1",-0.000311232607651206,"focal","additional","CS1"
1,"Moraxellaceae","SA","succinate_cellobiose","succinate","cellobiose",0.00245483097588794,0.000696831374958963,0.0031516623508469,0.000834957,2,2,1,"221_1",-0.0023167053508469,"focal","additional","CS2"
1,"Pseudomonadaceae","SS","glucose_cellobiose","glucose","cellobiose",0.000704583095319889,0.0013646235831902,0.00206920667851008,0.002319325,2,2,1,"221_1",0.00025011832148992,"focal","additional","CS2"
1,"Pseudomonadaceae","SA","succinate_cellobiose","succinate","cellobiose",0.103380810431366,0.0013007518999234,0.10468156233129,0.163651545,2,2,1,"221_1",0.05896998266871,"focal","additional","CS1"
1,"Rhizobiaceae","SS","glucose_cellobiose","glucose","cellobiose",4.40492595136015e-05,0.000584838678510084,0.000628887938023685,0.000185546,2,2,1,"221_1",-0.000443341938023685,"focal","additional","CS1"
1,"Rhizobiaceae","SA","succinate_cellobiose","succinate","cellobiose",0.188327228507929,0.00055746509996717,0.188884693607896,0.000278319,2,2,1,"221_1",-0.188606374607896,"focal","additional","CS2"
1,"Enterobacteriaceae","SS","glucose_cellobiose","glucose","cellobiose",0.473743979920698,0.519092977054585,0.992836956975283,0.996845719,2,2,1,"221_1",0.00400876202471701,"focal","additional","CS2"
1,"Enterobacteriaceae","SA","succinate_cellobiose","succinate","cellobiose",0.0214450337314673,0.494796649023275,0.516241682754742,0.739679006,2,2,1,"221_1",0.223437323245258,"focal","additional","CS2"
1,"Moraxellaceae","SS","glucose_fructose","glucose","fructose",4.21755223565854e-05,0.00151829245616783,0.00156046797852442,0,2,2,1,"221_1",-0.00156046797852442,"focal","additional","CS1"
1,"Moraxellaceae","SA","succinate_fructose","succinate","fructose",0.0023550979997469,0.00145011538940347,0.00380521338915038,0.000463865,2,2,1,"221_1",-0.00334134838915038,"focal","additional","CS2"
1,"Pseudomonadaceae","SS","glucose_fructose","glucose","fructose",0.000674612023377155,0.00247987767840746,0.00315448970178462,0.000834957,2,2,1,"221_1",-0.00231953270178462,"focal","additional","CS1"
1,"Pseudomonadaceae","SA","succinate_fructose","succinate","fructose",0.0991807347432782,0.00236852180269234,0.10154925654597,0.008720661,2,2,1,"221_1",-0.09282859554597,"focal","additional","CS2"
1,"Enterobacteriaceae","SS","glucose_fructose","glucose","fructose",0.453592183774931,0.54061324333611,0.994205427111042,0.998886725,2,2,1,"221_1",0.00468129788895799,"focal","additional","CS2"
1,"Enterobacteriaceae","SA","succinate_fructose","succinate","fructose",0.0205737814707243,0.516337666496553,0.536911447967277,0.967065591,2,2,1,"221_1",0.430154143032723,"focal","additional","CS2"
1,"Rhizobiaceae","SS","glucose_fructose","glucose","fructose",4.21755223565854e-05,0.000607316982467134,0.000649492504823719,0,2,2,1,"221_1",-0.000649492504823719,"focal","additional","CS1"
1,"Rhizobiaceae","SA","succinate_fructose","succinate","fructose",0.180676015380844,0.00058004615576139,0.181256061536605,0,2,2,1,"221_1",-0.181256061536605,"focal","additional","CS2"
1,"Moraxellaceae","SA","glucose_fumarate","glucose","fumarate",3.42724074989252e-05,0.227606056114785,0.227640328522284,0.00528806,2,2,1,"221_1",-0.222352268522284,"focal","additional","CS1"
1,"Moraxellaceae","AA","succinate_fumarate","succinate","fumarate",0.00193002482130256,0.219230365970594,0.221160390791896,0.329344095,2,2,1,"221_1",0.108183704208104,"focal","additional","CS2"
1,"Enterobacteriaceae","SA","glucose_fumarate","glucose","fumarate",0.36859522519309,0.104792402462925,0.473387627656015,0.57723351,2,2,1,"221_1",0.103845882343985,"focal","additional","CS1"
1,"Enterobacteriaceae","AA","succinate_fumarate","succinate","fumarate",0.0168604061957591,0.100936139991367,0.117796546187126,0.052323964,2,2,1,"221_1",-0.065472582187126,"focal","additional","CS1"
1,"Pseudomonadaceae","SA","glucose_fumarate","glucose","fumarate",0.000548198976016859,0.236616681078567,0.237164880054584,0.36960757,2,2,1,"221_1",0.132442689945416,"focal","additional","CS2"
1,"Pseudomonadaceae","AA","succinate_fumarate","succinate","fumarate",0.0812795390553274,0.227909408357047,0.309188947412374,0.472863903,2,2,1,"221_1",0.163674955587626,"focal","additional","CS2"
1,"Rhizobiaceae","SA","glucose_fumarate","glucose","fumarate",3.42724074989252e-05,0.0016382957919705,0.00167256819946942,0,2,2,1,"221_1",-0.00167256819946942,"focal","additional","CS1"
1,"Rhizobiaceae","AA","succinate_fumarate","succinate","fumarate",0.148065683184541,0.00157800803797876,0.14964369122252,0.003896466,2,2,1,"221_1",-0.14574722522252,"focal","additional","CS2"
1,"Pseudomonadaceae","SA","glucose_glutamine","glucose","glutamine",0.000771972769233111,0.21216016914782,0.212932141917053,0.229149272,2,2,1,"221_1",0.016217130082947,"focal","additional","CS2"
1,"Pseudomonadaceae","AA","succinate_glutamine","succinate","glutamine",0.112763833919582,0.201328653210102,0.314092487129683,0.317747472,2,2,1,"221_1",0.00365498487031696,"focal","additional","CS2"
1,"Moraxellaceae","SA","glucose_glutamine","glucose","glutamine",4.82623399216587e-05,0.00841516722363883,0.00846342956356049,9.28e-05,2,2,1,"221_1",-0.00837062956356049,"focal","additional","CS1"
1,"Moraxellaceae","AA","succinate_glutamine","succinate","glutamine",0.00267763573636761,0.00798554361300766,0.0106631793493753,0.180629001,2,2,1,"221_1",0.169965821650625,"focal","additional","CS2"
1,"Rhizobiaceae","SA","glucose_glutamine","glucose","glutamine",4.82623399216587e-05,0.0381576633088396,0.0382059256487613,0,2,2,1,"221_1",-0.0382059256487613,"focal","additional","CS1"
1,"Rhizobiaceae","AA","succinate_glutamine","succinate","glutamine",0.205420137735349,0.0362095816310398,0.241629719366388,0.361072456,2,2,1,"221_1",0.119442736633612,"focal","additional","CS1"
1,"Enterobacteriaceae","SA","glucose_glutamine","glucose","glutamine",0.519055104381772,0.0150493468502921,0.534104451232064,0.651637443,2,2,1,"221_1",0.117532991767936,"focal","additional","CS1"
1,"Enterobacteriaceae","AA","succinate_glutamine","succinate","glutamine",0.0233914225667678,0.0142810252519641,0.0376724478187319,0.132108732,2,2,1,"221_1",0.0944362841812681,"focal","additional","CS1"
1,"Pseudomonadaceae","SS","glucose_glycerol","glucose","glycerol",0.000779965584797209,0.0122389900659604,0.0130189556507576,0.007050747,2,2,1,"221_1",-0.0059682086507576,"focal","additional","CS1"
1,"Pseudomonadaceae","SA","succinate_glycerol","succinate","glycerol",0.113871171078454,0.0116080110358569,0.125479182114311,0.073197885,2,2,1,"221_1",-0.052281297114311,"focal","additional","CS2"
1,"Enterobacteriaceae","SS","glucose_glycerol","glucose","glycerol",0.524429272852829,0.461515580534061,0.98594485338689,0.992949252,2,2,1,"221_1",0.00700439861310997,"focal","additional","CS1"
1,"Enterobacteriaceae","SA","succinate_glycerol","succinate","glycerol",0.0236211255708847,0.437722224071345,0.461343349642229,0.925224974,2,2,1,"221_1",0.463881624357771,"focal","additional","CS2"
1,"Moraxellaceae","SS","glucose_glycerol","glucose","glycerol",4.87620362802088e-05,0,4.87620362802088e-05,0,2,2,1,"221_1",-4.87620362802088e-05,"focal","additional","CS2"
1,"Moraxellaceae","SA","succinate_glycerol","succinate","glycerol",0.00270393003167261,0,0.00270393003167261,0.000556638,2,2,1,"221_1",-0.00214729203167261,"focal","additional","CS2"
1,"Rhizobiaceae","SS","glucose_glycerol","glucose","glycerol",4.87620362802088e-05,0.000352201207601395,0.000400963243881604,0,2,2,1,"221_1",-0.000400963243881604,"focal","additional","CS1"
1,"Rhizobiaceae","SA","succinate_glycerol","succinate","glycerol",0.207437356765497,0.000334043534854222,0.207771400300351,0.000278319,2,2,1,"221_1",-0.207493081300351,"focal","additional","CS2"
1,"Rhizobiaceae","SS","glucose_ribose","glucose","ribose",4.73326633165829e-05,9.0908216080402e-05,0.000138240879396985,0,2,2,1,"221_1",-0.000138240879396985,"focal","additional","CS1"
1,"Rhizobiaceae","SA","succinate_ribose","succinate","ribose",0.201661455656325,8.63519570405728e-05,0.201747807613365,9.28e-05,2,2,1,"221_1",-0.201655007613365,"focal","additional","CS2"
1,"Pseudomonadaceae","SS","glucose_ribose","glucose","ribose",0.000757102271356784,0.0138180463944724,0.0145751486658291,0.231004758,2,2,1,"221_1",0.216429609334171,"focal","additional","CS2"
1,"Pseudomonadaceae","SA","succinate_ribose","succinate","ribose",0.11070053376611,0.0131254951431981,0.123826028909308,0.23499397,2,2,1,"221_1",0.111167941090692,"focal","additional","CS1"
1,"Moraxellaceae","SS","glucose_ribose","glucose","ribose",4.73326633165829e-05,0.00145453145728643,0.00150186412060302,0,2,2,1,"221_1",-0.00150186412060302,"focal","additional","CS1"
1,"Moraxellaceae","SA","succinate_ribose","succinate","ribose",0.00262864160381862,0.00138163131264916,0.00401027291646778,0.000463865,2,2,1,"221_1",-0.00354640791646778,"focal","additional","CS2"
1,"Enterobacteriaceae","SS","glucose_ribose","glucose","ribose",0.509056555035176,0.473313548630653,0.982370103665829,0.768902495,2,2,1,"221_1",-0.213467608665829,"focal","additional","CS2"
1,"Enterobacteriaceae","SA","succinate_ribose","succinate","ribose",0.022963417202864,0.449591389868735,0.472554807071599,0.760089062,2,2,1,"221_1",0.287534254928401,"focal","additional","CS2"
1,"Pseudomonadaceae","SA","glucose_benzoate","glucose","benzoate",0.0239185396622691,0.273557422923483,0.297475962585752,0.538361629,4,3,4,"434_1",0.240885666414248,"focal","additional","CS2"
1,"Pseudomonadaceae","AA","succinate_benzoate","succinate","benzoate",0.165338239812157,0.319665765861938,0.485004005674095,0.716764079,4,3,4,"434_1",0.231760073325905,"focal","additional","CS2"
1,"Rhizobiaceae","SA","glucose_benzoate","glucose","benzoate",0.000508905189973615,0.00188385451187335,0.00239275970184697,0,4,3,4,"434_1",-0.00239275970184697,"focal","additional","CS1"
1,"Rhizobiaceae","AA","succinate_benzoate","succinate","benzoate",0.134116650052861,0.00220137983782259,0.136318029890683,0.00092773,4,3,4,"434_1",-0.135390299890683,"focal","additional","CS2"
1,"Moraxellaceae","SA","glucose_benzoate","glucose","benzoate",0.000452360168865435,0.00514437183113456,0.005596732,0.000742184,4,3,4,"434_1",-0.004854548,"focal","additional","CS1"
1,"Moraxellaceae","AA","succinate_benzoate","succinate","benzoate",0.167204473520722,0.00601146020350613,0.173215933724228,0.001669914,4,3,4,"434_1",-0.171546019724228,"focal","additional","CS2"
1,"Enterobacteriaceae","SA","glucose_benzoate","glucose","benzoate",0.579416734994723,0.0209035406965699,0.600320275691293,0.459597365,4,3,4,"434_1",-0.140722910691293,"focal","additional","CS2"
1,"Enterobacteriaceae","AA","succinate_benzoate","succinate","benzoate",0.0249671841634579,0.0244268507671396,0.0493940349305975,0.01335931,4,3,4,"434_1",-0.0360347249305975,"focal","additional","CS2"
1,"Moraxellaceae","SS","glucose_cellobiose","glucose","cellobiose",0.000370024109618722,0.000279119917785958,0.000649144027404681,0,4,3,4,"434_1",-0.000649144027404681,"focal","additional","CS2"
1,"Moraxellaceae","SA","succinate_cellobiose","succinate","cellobiose",0.132699798396295,0.000316457329589133,0.133016255725884,0.000649411,4,3,4,"434_1",-0.132366844725884,"focal","additional","CS2"
1,"Enterobacteriaceae","SS","glucose_cellobiose","glucose","cellobiose",0.473954552635219,0.500368889378779,0.974323442013998,0.998886724,4,3,4,"434_1",0.024563281986002,"focal","additional","CS2"
1,"Enterobacteriaceae","SA","succinate_cellobiose","succinate","cellobiose",0.019814902288505,0.567302411803213,0.587117314091718,0.73671027,4,3,4,"434_1",0.149592955908282,"focal","additional","CS2"
1,"Rhizobiaceae","SS","glucose_cellobiose","glucose","cellobiose",0.000416277123321063,0.000418679876678937,0.000834957,0,4,3,4,"434_1",-0.000834957,"focal","additional","CS1"
1,"Rhizobiaceae","SA","succinate_cellobiose","succinate","cellobiose",0.106440049412885,0.000474685994383699,0.106914735407268,0.001113276,4,3,4,"434_1",-0.105801459407268,"focal","additional","CS2"
1,"Pseudomonadaceae","SS","glucose_cellobiose","glucose","cellobiose",0.0195650213061619,0.000139559958892979,0.0197045812650549,0.000742184,4,3,4,"434_1",-0.0189623972650549,"focal","additional","CS2"
1,"Pseudomonadaceae","SA","succinate_cellobiose","succinate","cellobiose",0.131218684693579,0.000158228664794566,0.131376913358373,0.175433714,4,3,4,"434_1",0.044056800641627,"focal","additional","CS1"
1,"Moraxellaceae","SS","glucose_fructose","glucose","fructose",0.000362461953488372,0.00151888818604651,0.00188135013953488,0,4,3,4,"434_1",-0.00188135013953488,"focal","additional","CS1"
1,"Moraxellaceae","SA","succinate_fructose","succinate","fructose",0.129633428444694,0.00171737238065129,0.131350800825345,0.000463865,4,3,4,"434_1",-0.130886935825345,"focal","additional","CS2"
1,"Rhizobiaceae","SS","glucose_fructose","glucose","fructose",0.000407769697674419,0.000474652558139535,0.000882422255813954,0,4,3,4,"434_1",-0.000882422255813954,"focal","additional","CS1"
1,"Rhizobiaceae","SA","succinate_fructose","succinate","fructose",0.103980478463185,0.000536678868953529,0.104517157332138,0.001762687,4,3,4,"434_1",-0.102754470332138,"focal","additional","CS2"
1,"Pseudomonadaceae","SS","glucose_fructose","glucose","fructose",0.019165172372093,0.00109170088372093,0.020256873255814,0.000463865,4,3,4,"434_1",-0.019793008255814,"focal","additional","CS2"
1,"Pseudomonadaceae","SA","succinate_fructose","succinate","fructose",0.128186539681336,0.00123436139859312,0.129420901079929,0.22163466,4,3,4,"434_1",0.092213758920071,"focal","additional","CS1"
1,"Enterobacteriaceae","SS","glucose_fructose","glucose","fructose",0.464268377511628,0.507023777674419,0.971292155186047,0.999165043,4,3,4,"434_1",0.027872887813953,"focal","additional","CS2"
1,"Enterobacteriaceae","SA","succinate_fructose","succinate","fructose",0.0193570280362027,0.573280271787474,0.592637299823677,0.639298637,4,3,4,"434_1",0.046661337176323,"focal","additional","CS2"
1,"Enterobacteriaceae","SA","glucose_fumarate","glucose","fumarate",0.384811230901979,0.0865288534648636,0.471340084366843,0.702291492,4,3,4,"434_1",0.230951407633157,"focal","additional","CS1"
1,"Enterobacteriaceae","AA","succinate_fumarate","succinate","fumarate",0.0156931977817037,0.0956959930351261,0.11138919081683,0.073383431,4,3,4,"434_1",-0.03800575981683,"focal","additional","CS1"
1,"Rhizobiaceae","SA","glucose_fumarate","glucose","fumarate",0.000337982009732487,0.0035892638185987,0.00392724582833119,0.007050747,4,3,4,"434_1",0.00312350117166881,"focal","additional","CS2"
1,"Rhizobiaceae","AA","succinate_fumarate","succinate","fumarate",0.0842994188419358,0.00396952174485158,0.0882689405867874,0.043696103,4,3,4,"434_1",-0.0445728375867874,"focal","additional","CS2"
1,"Moraxellaceae","SA","glucose_fumarate","glucose","fumarate",0.000300428453095544,0.251911058362336,0.252211486815432,0.041933389,4,3,4,"434_1",-0.210278097815432,"focal","additional","CS1"
1,"Moraxellaceae","AA","succinate_fumarate","succinate","fumarate",0.105096868584275,0.278599310186195,0.38369617877047,0.399202152,4,3,4,"434_1",0.01550597322953,"focal","additional","CS2"
1,"Pseudomonadaceae","SA","glucose_fumarate","glucose","fumarate",0.0158851516238989,0.19481416404351,0.210699315667409,0.214955005,4,3,4,"434_1",0.00425568933259102,"focal","additional","CS2"
1,"Pseudomonadaceae","AA","succinate_fumarate","succinate","fumarate",0.103923841842306,0.215453390850971,0.319377232693277,0.362278504,4,3,4,"434_1",0.042901271306723,"focal","additional","CS2"
1,"Enterobacteriaceae","SA","glucose_glutamine","glucose","glutamine",0.468228022522388,0.0143590423880597,0.482587064910448,0.654698978,4,3,4,"434_1",0.172111913089552,"focal","additional","CS1"
1,"Enterobacteriaceae","AA","succinate_glutamine","succinate","glutamine",0.0195439019996953,0.0162535580500833,0.0357974600497786,0.102514149,4,3,4,"434_1",0.0667166889502214,"focal","additional","CS1"
1,"Rhizobiaceae","SA","glucose_glutamine","glucose","glutamine",0.00041124747761194,0.0754202828059702,0.0758315302835821,0.001206049,4,3,4,"434_1",-0.0746254812835821,"focal","additional","CS1"
1,"Rhizobiaceae","AA","succinate_glutamine","succinate","glutamine",0.104984312527998,0.0853711488281345,0.190355461356132,0.33416829,4,3,4,"434_1",0.143812828643868,"focal","additional","CS1"
1,"Pseudomonadaceae","SA","glucose_glutamine","glucose","glutamine",0.019328628,0.249188236895522,0.268516864895522,0.227293812,4,3,4,"434_1",-0.041223052895522,"focal","additional","CS1"
1,"Pseudomonadaceae","AA","succinate_glutamine","succinate","glutamine",0.129424060580301,0.282065848426441,0.411489909006742,0.308841266,4,3,4,"434_1",-0.102648643006742,"focal","additional","CS1"
1,"Moraxellaceae","SA","glucose_glutamine","glucose","glutamine",0.000365553313432836,0.00357799101492537,0.00394354432835821,0.001762687,4,3,4,"434_1",-0.00218085732835821,"focal","additional","CS1"
1,"Moraxellaceae","AA","succinate_glutamine","succinate","glutamine",0.130884917698586,0.0040500670652052,0.134934984763791,0.247703869,4,3,4,"434_1",0.112768884236209,"focal","additional","CS1"
1,"Enterobacteriaceae","SS","glucose_glycerol","glucose","glycerol",0.525356321921053,0.435166332394737,0.960522654315789,0.998330086,4,3,4,"434_1",0.037807431684211,"focal","additional","CS1"
1,"Enterobacteriaceae","SA","succinate_glycerol","succinate","glycerol",0.0222872203562978,0.500640900296918,0.522928120653216,0.868633453,4,3,4,"434_1",0.345705332346784,"focal","additional","CS2"
1,"Pseudomonadaceae","SS","glucose_glycerol","glucose","glycerol",0.0216869055789474,0.0104589332631579,0.0321458388421053,0.001577141,4,3,4,"434_1",-0.0305686978421053,"focal","additional","CS2"
1,"Pseudomonadaceae","SA","succinate_glycerol","succinate","glycerol",0.147590924146313,0.0120325709394794,0.159623495085792,0.126078486,4,3,4,"434_1",-0.033545009085792,"focal","additional","CS2"
1,"Moraxellaceae","SS","glucose_glycerol","glucose","glycerol",0.000410154315789474,0,0.000410154315789474,0,4,3,4,"434_1",-0.000410154315789474,"focal","additional","CS2"
1,"Moraxellaceae","SA","succinate_glycerol","succinate","glycerol",0.149256837355701,0,0.149256837355701,0.000649411,4,3,4,"434_1",-0.148607426355701,"focal","additional","CS2"
1,"Rhizobiaceae","SS","glucose_glycerol","glucose","glycerol",0.000461423605263158,0.000249022263157895,0.000710445868421053,0,4,3,4,"434_1",-0.000710445868421053,"focal","additional","CS2"
1,"Rhizobiaceae","SA","succinate_glycerol","succinate","glycerol",0.119720642648658,0.000286489833290358,0.120007132481948,0.00092773,4,3,4,"434_1",-0.119079402481948,"focal","additional","CS2"
1,"Moraxellaceae","SS","glucose_ribose","glucose","ribose",0.000434036718987342,0.000808886612658228,0.00124292333164557,0,4,3,4,"434_1",-0.00124292333164557,"focal","additional","CS1"
1,"Moraxellaceae","SA","succinate_ribose","succinate","ribose",0.159343734307347,0.000938815511203541,0.160282549818551,0.000556638,4,3,4,"434_1",-0.159725911818551,"focal","additional","CS2"
1,"Rhizobiaceae","SS","glucose_ribose","glucose","ribose",0.00048829130886076,0.000154073640506329,0.000642364949367089,0,4,3,4,"434_1",-0.000642364949367089,"focal","additional","CS2"
1,"Rhizobiaceae","SA","succinate_ribose","succinate","ribose",0.127811459838519,0.000178822002134008,0.127990281840653,0.000278319,4,3,4,"434_1",-0.127711962840653,"focal","additional","CS2"
1,"Enterobacteriaceae","SS","glucose_ribose","glucose","ribose",0.555946690032911,0.410028407291139,0.965975097324051,0.998701178,4,3,4,"434_1",0.0327260806759491,"focal","additional","CS1"
1,"Enterobacteriaceae","SA","succinate_ribose","succinate","ribose",0.0237934086090801,0.475889973668844,0.499683382277924,0.806753874,4,3,4,"434_1",0.307070491722076,"focal","additional","CS2"
1,"Pseudomonadaceae","SS","glucose_ribose","glucose","ribose",0.0229496874227848,0.00154073640506329,0.0244904238278481,0.001298822,4,3,4,"434_1",-0.0231916018278481,"focal","additional","CS2"
1,"Pseudomonadaceae","SA","succinate_ribose","succinate","ribose",0.157565237345206,0.00178822002134008,0.159353457366546,0.190370165,4,3,4,"434_1",0.031016707633454,"focal","additional","CS1"
1,"Rhizobiaceae","SA","glucose_benzoate","glucose","benzoate",0.000239335067394799,0.000263513865210402,0.000502848932605201,0,1,4,2,"142_1",-0.000502848932605201,"focal","additional","CS1"
1,"Rhizobiaceae","AA","succinate_benzoate","succinate","benzoate",0.0469433413368822,0.000317837339286436,0.0472611786761686,0.000278319,1,4,2,"142_1",-0.0469828596761686,"focal","additional","CS2"
1,"Pseudomonadaceae","SA","glucose_benzoate","glucose","benzoate",0.000957340269579195,0.284792562604235,0.285749902873814,0.541887003,1,4,2,"142_1",0.256137100126186,"focal","additional","CS2"
1,"Pseudomonadaceae","AA","succinate_benzoate","succinate","benzoate",0.382919753924956,0.343502647477096,0.726422401402052,0.676593376,1,4,2,"142_1",-0.049829025402052,"focal","additional","CS2"
1,"Moraxellaceae","SA","glucose_benzoate","glucose","benzoate",0.000119667533697399,0.000889359295085108,0.00100902682878251,0,1,4,2,"142_1",-0.00100902682878251,"focal","additional","CS1"
1,"Moraxellaceae","AA","succinate_benzoate","succinate","benzoate",0.00482694269386281,0.00107270102009172,0.00589964371395453,0.001762687,1,4,2,"142_1",-0.00413695671395453,"focal","additional","CS2"
1,"Enterobacteriaceae","SA","glucose_benzoate","glucose","benzoate",0.643093219028446,0.00266807753020339,0.645761296558649,0.457649132,1,4,2,"142_1",-0.188112164558649,"focal","additional","CS2"
1,"Enterobacteriaceae","AA","succinate_benzoate","succinate","benzoate",0.0250895077497692,0.00321810263202915,0.0283076103817984,0.011318305,1,4,2,"142_1",-0.0169893053817984,"focal","additional","CS2"
1,"Pseudomonadaceae","SS","glucose_cellobiose","glucose","cellobiose",0.000723642644885345,0.00356589958960887,0.00428954223449421,0.000556638,1,4,2,"142_1",-0.00373290423449421,"focal","additional","CS1"
1,"Pseudomonadaceae","SA","succinate_cellobiose","succinate","cellobiose",0.275576675189693,0.00409493879773107,0.279671613987424,0.113275815,1,4,2,"142_1",-0.166395798987424,"focal","additional","CS2"
1,"Enterobacteriaceae","SS","glucose_cellobiose","glucose","cellobiose",0.486106865775249,0.50383782822333,0.989944693998579,0.999443362,1,4,2,"142_1",0.00949866800142096,"focal","additional","CS2"
1,"Enterobacteriaceae","SA","succinate_cellobiose","succinate","cellobiose",0.0180562195001892,0.578587539752508,0.596643759252697,0.799517582,1,4,2,"142_1",0.202873822747303,"focal","additional","CS2"
1,"Rhizobiaceae","SS","glucose_cellobiose","glucose","cellobiose",0.000180910661221336,0.000903361359198653,0.00108427202041999,0,1,4,2,"142_1",-0.00108427202041999,"focal","additional","CS1"
1,"Rhizobiaceae","SA","succinate_cellobiose","succinate","cellobiose",0.0337838144815275,0.0010373846445181,0.0348211991260456,0.000463865,1,4,2,"142_1",-0.0343573341260456,"focal","additional","CS2"
1,"Moraxellaceae","SS","glucose_cellobiose","glucose","cellobiose",9.04553306106681e-05,0.00104599736328265,0.00113645269389332,0,1,4,2,"142_1",-0.00113645269389332,"focal","additional","CS1"
1,"Moraxellaceae","SA","succinate_cellobiose","succinate","cellobiose",0.00347381613320106,0.00120118221996833,0.00467499835316938,0.001762687,1,4,2,"142_1",-0.00291231135316938,"focal","additional","CS2"
1,"Pseudomonadaceae","SS","glucose_fructose","glucose","fructose",0.000716482929164583,0.00129580605703477,0.00201228898619935,0.001020503,1,4,2,"142_1",-0.00099178598619935,"focal","additional","CS1"
1,"Pseudomonadaceae","SA","succinate_fructose","succinate","fructose",0.272450197287457,0.00148587161546667,0.273936068902924,0.1507561,1,4,2,"142_1",-0.123179968902924,"focal","additional","CS2"
1,"Rhizobiaceae","SS","glucose_fructose","glucose","fructose",0.000179120732291146,0.00110383478932591,0.00128295552161706,0,1,4,2,"142_1",-0.00128295552161706,"focal","additional","CS1"
1,"Rhizobiaceae","SA","succinate_fructose","succinate","fructose",0.033400529686626,0.00126574248724939,0.0346662721738753,0.000556638,1,4,2,"142_1",-0.0341096341738753,"focal","additional","CS2"
1,"Moraxellaceae","SS","glucose_fructose","glucose","fructose",8.95603661455729e-05,0.0021116839447974,0.00220124431094297,0,1,4,2,"142_1",-0.00220124431094297,"focal","additional","CS1"
1,"Moraxellaceae","SA","succinate_fructose","succinate","fructose",0.00343440492624965,0.00242142041039013,0.00585582533663978,0.001577141,1,4,2,"142_1",-0.00427868433663978,"focal","additional","CS2"
1,"Enterobacteriaceae","SS","glucose_fructose","glucose","fructose",0.481297327540514,0.510691480082904,0.991988807623417,0.998979497,1,4,2,"142_1",0.00699068937658298,"focal","additional","CS2"
1,"Enterobacteriaceae","SA","succinate_fructose","succinate","fructose",0.0178513677244487,0.585598416056401,0.603449783780849,0.729010113,1,4,2,"142_1",0.125560329219151,"focal","additional","CS2"
1,"Enterobacteriaceae","SA","glucose_fumarate","glucose","fumarate",0.403696335592016,0.106119095832882,0.509815431424898,0.571945449,1,4,2,"142_1",0.0621300175751019,"focal","additional","CS1"
1,"Enterobacteriaceae","AA","succinate_fumarate","succinate","fumarate",0.0146272163041955,0.118873117451733,0.133500333755928,0.045829854,1,4,2,"142_1",-0.087670479755928,"focal","additional","CS1"
1,"Pseudomonadaceae","SA","glucose_fumarate","glucose","fumarate",0.000600962266913126,0.258893049802742,0.259494012069656,0.364041191,1,4,2,"142_1",0.104547178930344,"focal","additional","CS2"
1,"Pseudomonadaceae","AA","succinate_fumarate","succinate","fumarate",0.223242724555293,0.290008350288853,0.513251074844146,0.453010483,1,4,2,"142_1",-0.060240591844146,"focal","additional","CS1"
1,"Rhizobiaceae","SA","glucose_fumarate","glucose","fumarate",0.000150240566728281,0.00734330956114534,0.00749355012787362,0.0034326,1,4,2,"142_1",-0.00406095012787362,"focal","additional","CS1"
1,"Rhizobiaceae","AA","succinate_fumarate","succinate","fumarate",0.0273680302788153,0.0082258720081931,0.0355939022870084,0.005195288,1,4,2,"142_1",-0.0303986142870084,"focal","additional","CS2"
1,"Moraxellaceae","SA","glucose_fumarate","glucose","fumarate",7.51202833641407e-05,0.190153052504567,0.190228172787931,0.026904166,1,4,2,"142_1",-0.163324006787931,"focal","additional","CS1"
1,"Moraxellaceae","AA","succinate_fumarate","succinate","fumarate",0.0028141139943942,0.213006772878825,0.215820886873219,0.35031079,1,4,2,"142_1",0.134489903126781,"focal","additional","CS2"
1,"Moraxellaceae","SA","glucose_glutamine","glucose","glutamine",9.64443821807808e-05,0.00106921941383063,0.00116566379601141,0.000834957,1,4,2,"142_1",-0.00033070679601141,"focal","additional","CS1"
1,"Moraxellaceae","AA","succinate_glutamine","succinate","glutamine",0.00374056106181711,0.00124003028442499,0.00498059134624209,0.256795621,1,4,2,"142_1",0.251815029653758,"focal","additional","CS1"
1,"Pseudomonadaceae","SA","glucose_glutamine","glucose","glutamine",0.000771555057446246,0.275368504250053,0.2761400593075,0.186566472,1,4,2,"142_1",-0.0895735873075,"focal","additional","CS1"
1,"Pseudomonadaceae","AA","succinate_glutamine","succinate","glutamine",0.296737461406661,0.319359413259743,0.616096874666404,0.372947398,1,4,2,"142_1",-0.243149476666404,"focal","additional","CS1"
1,"Enterobacteriaceae","SA","glucose_glutamine","glucose","glutamine",0.518292023554889,0.00855375387000577,0.526845777424895,0.703033677,1,4,2,"142_1",0.176187899575105,"focal","additional","CS1"
1,"Enterobacteriaceae","AA","succinate_glutamine","succinate","glutamine",0.0194427076725541,0.00992024060461436,0.0293629482771684,0.077558215,1,4,2,"142_1",0.0481952667228316,"focal","additional","CS1"
1,"Rhizobiaceae","SA","glucose_glutamine","glucose","glutamine",0.000192888764361562,0.0140780532143712,0.0142709419787327,0.000742184,1,4,2,"142_1",-0.0135287579787327,"focal","additional","CS1"
1,"Rhizobiaceae","AA","succinate_glutamine","succinate","glutamine",0.0363779820588278,0.0163270626269531,0.0527050446857809,0.27572131,1,4,2,"142_1",0.223016265314219,"focal","additional","CS1"
1,"Enterobacteriaceae","SS","glucose_glycerol","glucose","glycerol",0.54701664172781,0.441815503385739,0.988832145113549,0.998608405,1,4,2,"142_1",0.00977625988645103,"focal","additional","CS1"
1,"Enterobacteriaceae","SA","succinate_glycerol","succinate","glycerol",0.0207035599582006,0.516973968749242,0.537677528707442,0.977641711,1,4,2,"142_1",0.439964182292558,"focal","additional","CS2"
1,"Rhizobiaceae","SS","glucose_glycerol","glucose","glycerol",0.000203578985037022,0.000376904283666701,0.000580483268703723,0,1,4,2,"142_1",-0.000580483268703723,"focal","additional","CS1"
1,"Rhizobiaceae","SA","succinate_glycerol","succinate","glycerol",0.0387370805238441,0.000441020520720944,0.039178101044565,0.000185546,1,4,2,"142_1",-0.038992555044565,"focal","additional","CS2"
1,"Pseudomonadaceae","SS","glucose_glycerol","glucose","glycerol",0.000814315940148087,0.00640737191952268,0.00722168785967076,0.000185546,1,4,2,"142_1",-0.00703614185967076,"focal","additional","CS1"
1,"Pseudomonadaceae","SA","succinate_glycerol","succinate","glycerol",0.315980774259618,0.00749734779586506,0.323478122055483,0.020224511,1,4,2,"142_1",-0.303253611055483,"focal","additional","CS2"
1,"Moraxellaceae","SS","glucose_glycerol","glucose","glycerol",0.000101789492518511,0,0.000101789492518511,0,1,4,2,"142_1",-0.000101789492518511,"focal","additional","CS2"
1,"Moraxellaceae","SA","succinate_glycerol","succinate","glycerol",0.00398313504090595,0,0.00398313504090595,0.000742184,1,4,2,"142_1",-0.00324095104090595,"focal","additional","CS2"
1,"Rhizobiaceae","SS","glucose_ribose","glucose","ribose",0.000204399867711526,0.00704274169080093,0.00724714155851245,0,1,4,2,"142_1",-0.00724714155851245,"focal","additional","CS1"
1,"Rhizobiaceae","SA","succinate_ribose","succinate","ribose",0.0389199750707232,0.00824645865031033,0.0471664337210336,0.000463865,1,4,2,"142_1",-0.0467025687210336,"focal","additional","CS2"
1,"Pseudomonadaceae","SS","glucose_ribose","glucose","ribose",0.000817599470846104,0.0379641268399903,0.0387817263108364,0.002041006,1,4,2,"142_1",-0.0367407203108364,"focal","additional","CS1"
1,"Pseudomonadaceae","SA","succinate_ribose","succinate","ribose",0.317472656449737,0.0444528020373146,0.361925458487052,0.084887281,1,4,2,"142_1",-0.277038177487052,"focal","additional","CS2"
1,"Moraxellaceae","SS","glucose_ribose","glucose","ribose",0.000102199933855763,0.00154190222366838,0.00164410215752415,0,1,4,2,"142_1",-0.00164410215752415,"focal","additional","CS1"
1,"Moraxellaceae","SA","succinate_ribose","succinate","ribose",0.00400194114783537,0.00180543792297696,0.00580737907081233,0.000742184,1,4,2,"142_1",-0.00506519507081233,"focal","additional","CS2"
1,"Enterobacteriaceae","SS","glucose_ribose","glucose","ribose",0.549222353106999,0.393976789530744,0.943199142637743,0.997958995,1,4,2,"142_1",0.054759852362257,"focal","additional","CS1"
1,"Enterobacteriaceae","SA","succinate_ribose","succinate","ribose",0.020801310438261,0.461313710865039,0.482115021303299,0.910010205,1,4,2,"142_1",0.427895183696701,"focal","additional","CS2"
2,"Moraxellaceae","SA","glucose_benzoate","glucose","benzoate",0.000356346621902166,0.185269493795684,0.185625840417587,0.007978477,3,1,3,"313_2",-0.177647363417587,"focal","additional","CS1"
2,"Moraxellaceae","AA","succinate_benzoate","succinate","benzoate",0.306515698220581,0.141172549282208,0.447688247502789,0.005473606,3,1,3,"313_2",-0.442214641502789,"focal","additional","CS2"
2,"Enterobacteriaceae","SA","glucose_benzoate","glucose","benzoate",0.639760862252372,0.00103483878683881,0.640795701039211,0.466833658,3,1,3,"313_2",-0.173962043039211,"focal","additional","CS2"
2,"Enterobacteriaceae","AA","succinate_benzoate","succinate","benzoate",0.0139386534022933,0.000788531488056266,0.0147271848903495,0.042768346,3,1,3,"313_2",0.0280411611096505,"focal","additional","CS1"
2,"Rhizobiaceae","SA","glucose_benzoate","glucose","benzoate",0,0,0,0.002690417,3,1,3,"313_2",0.002690417,"focal","additional","none"
2,"Rhizobiaceae","AA","succinate_benzoate","succinate","benzoate",0.174401506965079,0,0.174401506965079,0.001298822,3,1,3,"313_2",-0.173102684965079,"focal","additional","CS2"
2,"Pseudomonadaceae","SA","glucose_benzoate","glucose","benzoate",5.94083884185431e-05,0.165540796291458,0.165600204679877,0.498098153,3,1,3,"313_2",0.332497948320123,"focal","additional","CS2"
2,"Pseudomonadaceae","AA","succinate_benzoate","succinate","benzoate",0.225644575048438,0.126139580477529,0.351784155525967,0.781705167,3,1,3,"313_2",0.429921011474033,"focal","additional","CS1"
2,"Rhizobiaceae","SS","glucose_cellobiose","glucose","cellobiose",0,4.71477524111959e-05,4.71477524111959e-05,0,3,1,3,"313_2",-4.71477524111959e-05,"focal","additional","CS1"
2,"Rhizobiaceae","SA","succinate_cellobiose","succinate","cellobiose",0.141835425339679,3.80213406407369e-05,0.14187344668032,0,3,1,3,"313_2",-0.14187344668032,"focal","additional","CS2"
2,"Enterobacteriaceae","SS","glucose_cellobiose","glucose","cellobiose",0.491622850891136,0.481851158038523,0.973474008929659,0.999165044,3,1,3,"313_2",0.025691035070341,"focal","additional","CS1"
2,"Enterobacteriaceae","SA","succinate_cellobiose","succinate","cellobiose",0.0113358816009112,0.388579011320287,0.399914892921199,0.892197793,3,1,3,"313_2",0.492282900078801,"focal","additional","CS2"
2,"Pseudomonadaceae","SS","glucose_cellobiose","glucose","cellobiose",4.56522475888041e-05,0,4.56522475888041e-05,0.000371092,3,1,3,"313_2",0.000325439752411196,"focal","additional","CS1"
2,"Pseudomonadaceae","SA","succinate_cellobiose","succinate","cellobiose",0.183509849395939,0,0.183509849395939,0.10010205,3,1,3,"313_2",-0.083407799395939,"focal","additional","CS2"
2,"Moraxellaceae","SS","glucose_cellobiose","glucose","cellobiose",0.000273833790876473,0.00042420631368529,0.000698040104561763,0.000278319,3,1,3,"313_2",-0.000419721104561763,"focal","additional","CS1"
2,"Moraxellaceae","SA","succinate_cellobiose","succinate","cellobiose",0.249279866825406,0.000342092505575083,0.249621959330981,0.001391595,3,1,3,"313_2",-0.248230364330981,"focal","additional","CS2"
2,"Enterobacteriaceae","SS","glucose_fructose","glucose","fructose",0.479820647483684,0.51948171232426,0.999302359807944,0.992670935,3,1,3,"313_2",-0.00663142480794399,"focal","additional","CS1"
2,"Enterobacteriaceae","SA","succinate_fructose","succinate","fructose",0.0111153983388357,0.42088122565308,0.431996623991916,0.903237778,3,1,3,"313_2",0.471241154008084,"focal","additional","CS2"
2,"Moraxellaceae","SS","glucose_fructose","glucose","fructose",0.000267259966869108,0.000144689016565446,0.000411948983434554,0.00185546,3,1,3,"313_2",0.00144351101656545,"focal","additional","CS1"
2,"Moraxellaceae","SA","succinate_fructose","succinate","fructose",0.244431365390545,0.000117226245286171,0.244548591635831,0.008442342,3,1,3,"313_2",-0.236106249635831,"focal","additional","CS2"
2,"Pseudomonadaceae","SS","glucose_fructose","glucose","fructose",4.4556291387676e-05,9.64593443769641e-05,0.00014101563576464,0.004545877,3,1,3,"313_2",0.00440486136423536,"focal","additional","CS2"
2,"Pseudomonadaceae","SA","succinate_fructose","succinate","fructose",0.179940576917426,7.81508301907807e-05,0.180018727747617,0.084145098,3,1,3,"313_2",-0.095873629747617,"focal","additional","CS2"
2,"Rhizobiaceae","SS","glucose_fructose","glucose","fructose",0,9.64593443769641e-05,9.64593443769641e-05,0.000463865,3,1,3,"313_2",0.000367405655623036,"focal","additional","CS2"
2,"Rhizobiaceae","SA","succinate_fructose","succinate","fructose",0.139076721750692,7.81508301907807e-05,0.139154872580883,0,3,1,3,"313_2",-0.139154872580883,"focal","additional","CS2"
2,"Moraxellaceae","SA","glucose_fumarate","glucose","fumarate",0.000222962734730171,0.0625084895032736,0.0627314522380037,0.232489099,3,1,3,"313_2",0.169757646761996,"focal","additional","CS2"
2,"Moraxellaceae","AA","succinate_fumarate","succinate","fumarate",0.210541401384924,0.0522890194544906,0.262830420839414,0.566008005,3,1,3,"313_2",0.303177584160586,"focal","additional","CS1"
2,"Enterobacteriaceae","SA","glucose_fumarate","glucose","fumarate",0.400292363260521,0.0613406422599121,0.461633005520433,0.617311438,3,1,3,"313_2",0.155678432479567,"focal","additional","CS1"
2,"Enterobacteriaceae","AA","succinate_fumarate","succinate","fumarate",0.00957426858648412,0.0513121027554427,0.0608863713419269,0.028017441,3,1,3,"313_2",-0.0328689303419269,"focal","additional","CS1"
2,"Rhizobiaceae","SA","glucose_fumarate","glucose","fumarate",0,0.000333675265269829,0.000333675265269829,0.00092773,3,1,3,"313_2",0.000594054734730171,"focal","additional","CS2"
2,"Rhizobiaceae","AA","succinate_fumarate","succinate","fumarate",0.119793987365848,0.000279122925155033,0.120073110291003,0.016699137,3,1,3,"313_2",-0.103373973291003,"focal","additional","CS2"
2,"Pseudomonadaceae","SA","glucose_fumarate","glucose","fumarate",3.71712707054852e-05,0.418706774634617,0.418743945905323,0.110399852,3,1,3,"313_2",-0.308344093905323,"focal","additional","CS1"
2,"Pseudomonadaceae","AA","succinate_fumarate","succinate","fumarate",0.154992143376015,0.350252691411619,0.505244834787634,0.330179052,3,1,3,"313_2",-0.175065782787634,"focal","additional","CS1"
2,"Enterobacteriaceae","SA","glucose_glutamine","glucose","glutamine",0.475101100123649,0.00350408131174468,0.478605181435393,0.969199369,3,1,3,"313_2",0.490594187564607,"focal","additional","CS1"
2,"Enterobacteriaceae","AA","succinate_glutamine","succinate","glutamine",0.0110266526435156,0.0028442975338126,0.0138709501773282,0.103070786,3,1,3,"313_2",0.0891998358226718,"focal","additional","CS1"
2,"Rhizobiaceae","SA","glucose_glutamine","glucose","glutamine",0,0.105852454303216,0.105852454303216,0.00185546,3,1,3,"313_2",-0.103996994303216,"focal","additional","CS1"
2,"Rhizobiaceae","AA","succinate_glutamine","succinate","glutamine",0.137966328762663,0.0859214863860404,0.223887815148703,0.187215883,3,1,3,"313_2",-0.036671932148703,"focal","additional","CS2"
2,"Pseudomonadaceae","SA","glucose_glutamine","glucose","glutamine",4.41180327831443e-05,0.161382408405844,0.161426526438627,0.013266537,3,1,3,"313_2",-0.148159989438627,"focal","additional","CS1"
2,"Pseudomonadaceae","AA","succinate_glutamine","succinate","glutamine",0.178503925604712,0.130995700553802,0.309499626158514,0.302625475,3,1,3,"313_2",-0.00687415115851403,"focal","additional","CS2"
2,"Moraxellaceae","SA","glucose_glutamine","glucose","glutamine",0.00026463118030543,0.2377421796904,0.238006810870706,0.012338807,3,1,3,"313_2",-0.225668003870706,"focal","additional","CS1"
2,"Moraxellaceae","AA","succinate_glutamine","succinate","glutamine",0.242479817563076,0.192977683796942,0.435457501360018,0.382317469,3,1,3,"313_2",-0.053140032360018,"focal","additional","CS2"
2,"Rhizobiaceae","SS","glucose_glycerol","glucose","glycerol",0,4.58741064044238e-05,4.58741064044238e-05,0.000463865,3,1,3,"313_2",0.000417990893595576,"focal","additional","CS2"
2,"Rhizobiaceae","SA","succinate_glycerol","succinate","glycerol",0.145009365024666,3.67955244497933e-05,0.145046160549116,0,3,1,3,"313_2",-0.145046160549116,"focal","additional","CS2"
2,"Pseudomonadaceae","SS","glucose_glycerol","glucose","glycerol",4.69258935955762e-05,0.000275164556473552,0.000322090450069129,0.002041006,3,1,3,"313_2",0.00171891554993087,"focal","additional","CS2"
2,"Pseudomonadaceae","SA","succinate_glycerol","succinate","glycerol",0.187616363633752,0.000220708913132371,0.187837072546885,0.018369078,3,1,3,"313_2",-0.169467994546885,"focal","additional","CS2"
2,"Enterobacteriaceae","SS","glucose_glycerol","glucose","glycerol",0.505338571670434,0.494012017835233,0.999350589505667,0.994155302,3,1,3,"313_2",-0.005195287505667,"focal","additional","CS2"
2,"Enterobacteriaceae","SA","succinate_glycerol","succinate","glycerol",0.0115895516864437,0.396246002494234,0.407835554180677,0.980517673,3,1,3,"313_2",0.572682118819323,"focal","additional","CS2"
2,"Moraxellaceae","SS","glucose_glycerol","glucose","glycerol",0.000281473443526448,0,0.000281473443526448,0.002968736,3,1,3,"313_2",0.00268726255647355,"focal","additional","CS1"
2,"Moraxellaceae","SA","succinate_glycerol","succinate","glycerol",0.254858157721989,0,0.254858157721989,0.00092773,3,1,3,"313_2",-0.253930427721989,"focal","additional","CS2"
2,"Moraxellaceae","SS","glucose_ribose","glucose","ribose",0.000265939077409588,0.000436048383885618,0.000701987461295206,0.001484368,3,1,3,"313_2",0.000782380538704794,"focal","additional","CS2"
2,"Moraxellaceae","SA","succinate_ribose","succinate","ribose",0.24345168055932,0.00035361572288914,0.24380529628221,0.001113276,3,1,3,"313_2",-0.24269202028221,"focal","additional","CS2"
2,"Enterobacteriaceae","SS","glucose_ribose","glucose","ribose",0.477449211001275,0.521465329570358,0.998914540571633,0.992392616,3,1,3,"313_2",-0.00652192457163303,"focal","additional","CS1"
2,"Enterobacteriaceae","SA","succinate_ribose","succinate","ribose",0.0110708476440909,0.422885042789235,0.433955890433326,0.876704705,3,1,3,"313_2",0.442748814566674,"focal","additional","CS2"
2,"Pseudomonadaceae","SS","glucose_ribose","glucose","ribose",4.43360790740298e-05,0.000339148743022147,0.000383484822096177,0.004731423,3,1,3,"313_2",0.00434793817790382,"focal","additional","CS2"
2,"Pseudomonadaceae","SA","succinate_ribose","succinate","ribose",0.179219372200322,0.000275034451135998,0.179494406651458,0.121810929,3,1,3,"313_2",-0.057683477651458,"focal","additional","CS2"
2,"Rhizobiaceae","SS","glucose_ribose","glucose","ribose",0,0,0,0.000463865,3,1,3,"313_2",0.000463865,"focal","additional","none"
2,"Rhizobiaceae","SA","succinate_ribose","succinate","ribose",0.138519300020228,0,0.138519300020228,0,3,1,3,"313_2",-0.138519300020228,"focal","additional","CS2"
2,"Pseudomonadaceae","SA","glucose_benzoate","glucose","benzoate",0.00115474782050743,0.209329380375429,0.210484128195936,0.497448744,2,2,1,"221_2",0.286964615804064,"focal","additional","CS2"
2,"Pseudomonadaceae","AA","succinate_benzoate","succinate","benzoate",0.151271491903983,0.199761694028031,0.351033185932014,0.652379628,2,2,1,"221_2",0.301346442067986,"focal","additional","CS2"
2,"Rhizobiaceae","SA","glucose_benzoate","glucose","benzoate",0.000144343477563429,0.000247215134619427,0.000391558612182855,0,2,2,1,"221_2",-0.000391558612182855,"focal","additional","CS1"
2,"Rhizobiaceae","AA","succinate_benzoate","succinate","benzoate",0.289455716641042,0.000235915827928094,0.28969163246897,0.007514612,2,2,1,"221_2",-0.28217702046897,"focal","additional","CS2"
2,"Enterobacteriaceae","SA","glucose_benzoate","glucose","benzoate",0.772887021475499,0.000453227746802282,0.773340249222301,0.429910011,2,2,1,"221_2",-0.343430238222301,"focal","additional","CS2"
2,"Enterobacteriaceae","AA","succinate_benzoate","succinate","benzoate",0.0367028942269656,0.000432512351201506,0.0371354065781671,0.030429539,2,2,1,"221_2",-0.0067058675781671,"focal","additional","CS2"
2,"Moraxellaceae","SA","glucose_benzoate","glucose","benzoate",0.00339207094480154,0.000473829008020567,0.0038658999528221,0.001948233,2,2,1,"221_2",-0.0019176669528221,"focal","additional","CS2"
2,"Moraxellaceae","AA","succinate_benzoate","succinate","benzoate",0.304882609357314,0.000452172003528848,0.305334781360843,0.06930142,2,2,1,"221_2",-0.236033361360843,"focal","additional","CS2"
2,"Enterobacteriaceae","SS","glucose_cellobiose","glucose","cellobiose",0.437207847758215,0.558220074340773,0.995427922098988,0.991650432,2,2,1,"221_2",-0.00377749009898798,"focal","additional","CS1"
2,"Enterobacteriaceae","SA","succinate_cellobiose","succinate","cellobiose",0.0211826456183629,0.543494844561999,0.564677490180362,0.907783654,2,2,1,"221_2",0.343106163819638,"focal","additional","CS2"
2,"Pseudomonadaceae","SS","glucose_cellobiose","glucose","cellobiose",0.000653219416653833,0.000519467864591355,0.00117268728124519,0.007236293,2,2,1,"221_2",0.00606360571875481,"focal","additional","CS1"
2,"Pseudomonadaceae","SA","succinate_cellobiose","succinate","cellobiose",0.087304570188607,0.00050576487535753,0.0878103350639645,0.081176362,2,2,1,"221_2",-0.0066339730639645,"focal","additional","CS2"
2,"Moraxellaceae","SS","glucose_cellobiose","glucose","cellobiose",0.00191883159635495,0.000831148583346167,0.00274998017970112,0.000649411,2,2,1,"221_2",-0.00210056917970112,"focal","additional","CS2"
2,"Moraxellaceae","SA","succinate_cellobiose","succinate","cellobiose",0.175959427866398,0.000809223800572048,0.17676865166697,0.003339827,2,2,1,"221_2",-0.17342882466697,"focal","additional","CS2"
2,"Rhizobiaceae","SS","glucose_cellobiose","glucose","cellobiose",8.16524270817291e-05,0.000259733932295677,0.000341386359377406,0,2,2,1,"221_2",-0.000341386359377406,"focal","additional","CS1"
2,"Rhizobiaceae","SA","succinate_cellobiose","succinate","cellobiose",0.167055977381525,0.000252882437678765,0.167308859819204,0.000834957,2,2,1,"221_2",-0.166473902819204,"focal","additional","CS2"
2,"Enterobacteriaceae","SS","glucose_fructose","glucose","fructose",0.458672832531874,0.537430063201266,0.99610289573314,0.669078765,2,2,1,"221_2",-0.32702413073314,"focal","additional","CS1"
2,"Enterobacteriaceae","SA","succinate_fructose","succinate","fructose",0.0221938774443652,0.522576468489673,0.544770345934039,0.853140366,2,2,1,"221_2",0.308370020065961,"focal","additional","CS2"
2,"Rhizobiaceae","SS","glucose_fructose","glucose","fructose",8.56612025715297e-05,9.98847974284703e-05,0.000185546,0,2,2,1,"221_2",-0.000185546,"focal","additional","CS1"
2,"Rhizobiaceae","SA","succinate_fructose","succinate","fructose",0.175031011477628,9.71241623236633e-05,0.175128135639952,0.001391595,2,2,1,"221_2",-0.173736540639952,"focal","additional","CS2"
2,"Pseudomonadaceae","SS","glucose_fructose","glucose","fructose",0.000685289620572238,9.98847974284703e-05,0.000785174418000708,0.316819742,2,2,1,"221_2",0.316034567581999,"focal","additional","CS1"
2,"Pseudomonadaceae","SA","succinate_fructose","succinate","fructose",0.0914723763031385,9.71241623236633e-05,0.0915695004654621,0.137582337,2,2,1,"221_2",0.0460128365345379,"focal","additional","CS1"
2,"Moraxellaceae","SS","glucose_fructose","glucose","fructose",0.00201303779875997,0.000549366385856587,0.00256240418461656,0.001113276,2,2,1,"221_2",-0.00144912818461656,"focal","additional","CS2"
2,"Moraxellaceae","SA","succinate_fructose","succinate","fructose",0.184359501055999,0.000534182892780148,0.18489368394878,0.004638649,2,2,1,"221_2",-0.18025503494878,"focal","additional","CS2"
2,"Moraxellaceae","SA","glucose_fumarate","glucose","fumarate",0.00174283138281904,0.00323010481701653,0.00497293619983557,0.262918638,2,2,1,"221_2",0.257945701800164,"focal","additional","CS2"
2,"Moraxellaceae","AA","succinate_fumarate","succinate","fumarate",0.16020760135434,0.00315252588036329,0.163360127234703,0.04629372,2,2,1,"221_2",-0.117066407234703,"focal","additional","CS2"
2,"Enterobacteriaceae","SA","glucose_fumarate","glucose","fumarate",0.397106009373233,0.113109361869186,0.510215371242419,0.500510251,2,2,1,"221_2",-0.00970512024241899,"focal","additional","CS2"
2,"Enterobacteriaceae","AA","succinate_fumarate","succinate","fumarate",0.019286382582658,0.110392761474948,0.129679144057606,0.054179423,2,2,1,"221_2",-0.075499721057606,"focal","additional","CS1"
2,"Pseudomonadaceae","SA","glucose_fumarate","glucose","fumarate",0.00059330443660281,0.385830458719067,0.38642376315567,0.205584934,2,2,1,"221_2",-0.18083882915567,"focal","additional","CS1"
2,"Pseudomonadaceae","AA","succinate_fumarate","succinate","fumarate",0.079489095564736,0.376563788313151,0.456052883877887,0.620558492,2,2,1,"221_2",0.164505608122113,"focal","additional","CS2"
2,"Rhizobiaceae","SA","glucose_fumarate","glucose","fumarate",7.41630545753512e-05,0.00178212712679438,0.00185629018136973,0,2,2,1,"221_2",-0.00185629018136973,"focal","additional","CS1"
2,"Rhizobiaceae","AA","succinate_fumarate","succinate","fumarate",0.152101184646498,0.00173932494689321,0.153840509593391,0.011411077,2,2,1,"221_2",-0.142429432593391,"focal","additional","CS2"
2,"Rhizobiaceae","SA","glucose_glutamine","glucose","glutamine",8.71627134191241e-05,0.148263587956258,0.148350750669677,0.001020503,2,2,1,"221_2",-0.147330247669677,"focal","additional","CS1"
2,"Rhizobiaceae","AA","succinate_glutamine","succinate","glutamine",0.178012800126288,0.144096042475661,0.322108842601949,0.245291771,2,2,1,"221_2",-0.076817071601949,"focal","additional","CS2"
2,"Pseudomonadaceae","SA","glucose_glutamine","glucose","glutamine",0.000697301707352993,0.0629161011637375,0.0636134028710904,0.025698118,2,2,1,"221_2",-0.0379152848710904,"focal","additional","CS1"
2,"Pseudomonadaceae","AA","succinate_glutamine","succinate","glutamine",0.0930306789777564,0.061147590657037,0.154178269634793,0.37767882,2,2,1,"221_2",0.223500550365207,"focal","additional","CS1"
2,"Moraxellaceae","SA","glucose_glutamine","glucose","glutamine",0.00204832329558605,0.246696049743089,0.248744373038675,0.003525373,2,2,1,"221_2",-0.245219000038675,"focal","additional","CS1"
2,"Moraxellaceae","AA","succinate_glutamine","succinate","glutamine",0.187500207739236,0.239761663348154,0.42726187108739,0.279153911,2,2,1,"221_2",-0.14810796008739,"focal","additional","CS1"
2,"Enterobacteriaceae","SA","glucose_glutamine","glucose","glutamine",0.466712671021981,0.0221854274123311,0.488898098434312,0.952314686,2,2,1,"221_2",0.463416587565688,"focal","additional","CS1"
2,"Enterobacteriaceae","AA","succinate_glutamine","succinate","glutamine",0.0225719673112675,0.0215618165917521,0.0441337839030197,0.078114854,2,2,1,"221_2",0.0339810700969803,"focal","additional","CS1"
2,"Enterobacteriaceae","SS","glucose_glycerol","glucose","glycerol",0.492161883620466,0.504621071622346,0.996782955242812,0.98756842,2,2,1,"221_2",-0.00921453524281202,"focal","additional","CS1"
2,"Enterobacteriaceae","SA","succinate_glycerol","succinate","glycerol",0.0237663584258347,0.489686098215528,0.513452456641363,0.946841079,2,2,1,"221_2",0.433388622358637,"focal","additional","CS2"
2,"Moraxellaceae","SS","glucose_glycerol","glucose","glycerol",0.00216001560277293,0,0.00216001560277293,0.006123017,2,2,1,"221_2",0.00396300139722707,"focal","additional","CS1"
2,"Moraxellaceae","SA","succinate_glycerol","succinate","glycerol",0.197421743554656,0,0.197421743554656,0.002041006,2,2,1,"221_2",-0.195380737554656,"focal","additional","CS2"
2,"Rhizobiaceae","SS","glucose_glycerol","glucose","glycerol",9.19155786447601e-05,0,9.19155786447601e-05,0.000185546,2,2,1,"221_2",9.36304213552399e-05,"focal","additional","CS1"
2,"Rhizobiaceae","SA","succinate_glycerol","succinate","glycerol",0.18743231167431,0,0.18743231167431,0.000742184,2,2,1,"221_2",-0.18669012767431,"focal","additional","CS2"
2,"Pseudomonadaceae","SS","glucose_glycerol","glucose","glycerol",0.000735324629158081,0,0.000735324629158081,0.005751925,2,2,1,"221_2",0.00501660037084192,"focal","additional","CS1"
2,"Pseudomonadaceae","SA","succinate_glycerol","succinate","glycerol",0.097953378661878,0,0.097953378661878,0.049355229,2,2,1,"221_2",-0.048598149661878,"focal","additional","CS2"
2,"Pseudomonadaceae","SS","glucose_ribose","glucose","ribose",0.000685289620572238,0.000998847974284703,0.00168413759485694,0.002597671,2,2,1,"221_2",0.00091353340514306,"focal","additional","CS2"
2,"Pseudomonadaceae","SA","succinate_ribose","succinate","ribose",0.0914723763031385,0.000971241623236633,0.0924436179263751,0.100287597,2,2,1,"221_2",0.00784397907362491,"focal","additional","CS1"
2,"Enterobacteriaceae","SS","glucose_ribose","glucose","ribose",0.458672832531874,0.53653110002441,0.995203932556284,0.996010763,2,2,1,"221_2",0.000806830443715989,"focal","additional","CS2"
2,"Enterobacteriaceae","SA","succinate_ribose","succinate","ribose",0.0221938774443652,0.52170235102876,0.543896228473126,0.889507375,2,2,1,"221_2",0.345611146526874,"focal","additional","CS2"
2,"Rhizobiaceae","SS","glucose_ribose","glucose","ribose",8.56612025715297e-05,0,8.56612025715297e-05,0,2,2,1,"221_2",-8.56612025715297e-05,"focal","additional","CS2"
2,"Rhizobiaceae","SA","succinate_ribose","succinate","ribose",0.175031011477628,0,0.175031011477628,0.001577141,2,2,1,"221_2",-0.173453870477628,"focal","additional","CS2"
2,"Moraxellaceae","SS","glucose_ribose","glucose","ribose",0.00201303779875997,0.000699193581999292,0.00271223138075927,0.001391595,2,2,1,"221_2",-0.00132063638075927,"focal","additional","CS2"
2,"Moraxellaceae","SA","succinate_ribose","succinate","ribose",0.184359501055999,0.000679869136265643,0.185039370192265,0.002412098,2,2,1,"221_2",-0.182627272192265,"focal","additional","CS2"
2,"Moraxellaceae","SA","glucose_benzoate","glucose","benzoate",0.000278029386345504,0.00278753380419309,0.00306556319053859,0.004267557,4,3,4,"434_2",0.00120199380946141,"focal","additional","CS2"
2,"Moraxellaceae","AA","succinate_benzoate","succinate","benzoate",0.193462932961133,0.00291176085746255,0.196374693818595,0.008349569,4,3,4,"434_2",-0.188025124818595,"focal","additional","CS2"
2,"Rhizobiaceae","AA","succinate_benzoate","succinate","benzoate",0.21520458454928,0,0.21520458454928,0.001391595,4,3,4,"434_2",-0.21381298954928,"focal","additional","CS2"
2,"Pseudomonadaceae","SA","glucose_benzoate","glucose","benzoate",0.000333651446757182,0.366876607581805,0.367210259028562,0.471101215,4,3,4,"434_2",0.103890955971438,"focal","additional","CS2"
2,"Pseudomonadaceae","AA","succinate_benzoate","succinate","benzoate",0.0999684374598136,0.383226543788794,0.483194981248608,0.736803042,4,3,4,"434_2",0.253608060751392,"focal","additional","CS2"
2,"Enterobacteriaceae","SA","glucose_benzoate","glucose","benzoate",0.598763986337944,0.000966345191003379,0.599730331528947,0.469431302,4,3,4,"434_2",-0.130299029528947,"focal","additional","CS2"
2,"Enterobacteriaceae","AA","succinate_benzoate","succinate","benzoate",0.0637683178237815,0.00100941057565948,0.064777728399441,0.034326005,4,3,4,"434_2",-0.030451723399441,"focal","additional","CS2"
2,"Rhizobiaceae","SS","glucose_cellobiose","glucose","cellobiose",0,0.000296602729927007,0.000296602729927007,0,4,3,4,"434_2",-0.000296602729927007,"focal","additional","CS1"
2,"Rhizobiaceae","SA","succinate_cellobiose","succinate","cellobiose",0.166097497920324,0.000306804669720474,0.166404302590044,0.000834957,4,3,4,"434_2",-0.165569345590044,"focal","additional","CS2"
2,"Moraxellaceae","SS","glucose_cellobiose","glucose","cellobiose",0.000216696058394161,0.00158188122627737,0.00179857728467153,9.28e-05,4,3,4,"434_2",-0.00170577728467153,"focal","additional","CS1"
2,"Moraxellaceae","SA","succinate_cellobiose","succinate","cellobiose",0.149317028596169,0.00163629157184253,0.150953320168011,0.001669914,4,3,4,"434_2",-0.149283406168011,"focal","additional","CS2"
2,"Pseudomonadaceae","SS","glucose_cellobiose","glucose","cellobiose",0.000260047883211679,0.00252112320437956,0.00278117108759124,0.003061509,4,3,4,"434_2",0.00028033791240876,"focal","additional","CS2"
2,"Pseudomonadaceae","SA","succinate_cellobiose","succinate","cellobiose",0.0771568476008796,0.00260783969262403,0.0797646872935037,0.006865201,4,3,4,"434_2",-0.0728994862935037,"focal","additional","CS2"
2,"Enterobacteriaceae","SS","glucose_cellobiose","glucose","cellobiose",0.466676553343066,0.512974335620438,0.979650888963504,0.996845719,4,3,4,"434_2",0.0171948300364959,"focal","additional","CS2"
2,"Enterobacteriaceae","SA","succinate_cellobiose","succinate","cellobiose",0.0492171579862076,0.530618587542465,0.579835745528673,0.982465906,4,3,4,"434_2",0.402630160471327,"focal","additional","CS2"
2,"Rhizobiaceae","SS","glucose_fructose","glucose","fructose",0,0.000140357085939792,0.000140357085939792,0,4,3,4,"434_2",-0.000140357085939792,"focal","additional","CS1"
2,"Rhizobiaceae","SA","succinate_fructose","succinate","fructose",0.176617500185695,0.000145490574498361,0.176762990760193,0.000278319,4,3,4,"434_2",-0.176484671760193,"focal","additional","CS2"
2,"Pseudomonadaceae","SS","glucose_fructose","glucose","fructose",0.000275937211941426,0.000280714171879584,0.00055665138382101,0.003247055,4,3,4,"434_2",0.00269040361617899,"focal","additional","CS2"
2,"Pseudomonadaceae","SA","succinate_fructose","succinate","fructose",0.0820436774551106,0.000290981148996721,0.0823346586041074,0.157157436,4,3,4,"434_2",0.0748227773958926,"focal","additional","CS1"
2,"Moraxellaceae","SS","glucose_fructose","glucose","fructose",0.00022993652343368,0.000327499867192848,0.000557436390626528,0.00092773,4,3,4,"434_2",0.000370293609373472,"focal","additional","CS2"
2,"Moraxellaceae","SA","succinate_fructose","succinate","fructose",0.158774217890156,0.000339478007162841,0.159113695897319,0.005844698,4,3,4,"434_2",-0.153268997897319,"focal","additional","CS2"
2,"Enterobacteriaceae","SS","glucose_fructose","glucose","fructose",0.495191214085362,0.503460783551748,0.99865199763711,0.994248076,4,3,4,"434_2",-0.00440392163711001,"focal","additional","CS1"
2,"Enterobacteriaceae","SA","succinate_fructose","succinate","fructose",0.0523343910571018,0.521874603949526,0.574208995006628,0.833750813,4,3,4,"434_2",0.259541817993372,"focal","additional","CS2"
2,"Moraxellaceae","SA","glucose_fumarate","glucose","fumarate",0.00016974983470791,0.0402937713044827,0.0404635211391906,0.249837647,4,3,4,"434_2",0.209374125860809,"focal","additional","CS2"
2,"Moraxellaceae","AA","succinate_fumarate","succinate","fumarate",0.116102999306795,0.0413714260101432,0.157474425316938,0.671398089,4,3,4,"434_2",0.513923663683062,"focal","additional","CS1"
2,"Rhizobiaceae","SA","glucose_fumarate","glucose","fumarate",0,0.00129412384672612,0.00129412384672612,0,4,3,4,"434_2",-0.00129412384672612,"focal","additional","CS1"
2,"Rhizobiaceae","AA","succinate_fumarate","succinate","fumarate",0.129150826715544,0.00132873511809591,0.13047956183364,0.043046665,4,3,4,"434_2",-0.08743289683364,"focal","additional","CS2"
2,"Enterobacteriaceae","SA","glucose_fumarate","glucose","fumarate",0.365573182913867,0.0715876191850808,0.437160802098948,0.444660914,4,3,4,"434_2",0.00750011190105204,"focal","additional","CS1"
2,"Enterobacteriaceae","AA","succinate_fumarate","succinate","fumarate",0.0382693100263159,0.0735022261375765,0.111771536163892,0.05130346,4,3,4,"434_2",-0.060468076163892,"focal","additional","CS1"
2,"Pseudomonadaceae","SA","glucose_fumarate","glucose","fumarate",0.000203709682208571,0.446349100028979,0.446552809711187,0.290193895,4,3,4,"434_2",-0.156358914711187,"focal","additional","CS1"
2,"Pseudomonadaceae","AA","succinate_fumarate","succinate","fumarate",0.0599941045421342,0.458286682251769,0.518280786793903,0.148065683,4,3,4,"434_2",-0.370215103793903,"focal","additional","CS1"
2,"Pseudomonadaceae","SA","glucose_glutamine","glucose","glutamine",0.000262603636363636,0.08458753504914,0.0848501386855037,0.018369051,4,3,4,"434_2",-0.0664810876855037,"focal","additional","CS1"
2,"Pseudomonadaceae","AA","succinate_glutamine","succinate","glutamine",0.0779414935093501,0.0875265935445141,0.165468087053864,0.282400966,4,3,4,"434_2",0.116932878946136,"focal","additional","CS2"
2,"Enterobacteriaceae","SA","glucose_glutamine","glucose","glutamine",0.471263055095823,0.000882141302211302,0.472145196398034,0.969199397,4,3,4,"434_2",0.497054200601966,"focal","additional","CS1"
2,"Enterobacteriaceae","AA","succinate_glutamine","succinate","glutamine",0.049717671457678,0.000912791975349824,0.0506304634330278,0.111976993,4,3,4,"434_2",0.0613465295669722,"focal","additional","CS1"
2,"Rhizobiaceae","SA","glucose_glutamine","glucose","glutamine",0,0.169126062776413,0.169126062776413,0.002041006,4,3,4,"434_2",-0.167085056776413,"focal","additional","CS1"
2,"Rhizobiaceae","AA","succinate_glutamine","succinate","glutamine",0.16778662501925,0.175002476970341,0.342789101989591,0.080063086,4,3,4,"434_2",-0.262726015989591,"focal","additional","CS1"
2,"Moraxellaceae","SA","glucose_glutamine","glucose","glutamine",0.000218825749385749,0.260868742886978,0.261087568636364,0.00436033,4,3,4,"434_2",-0.256727238636364,"focal","additional","CS1"
2,"Moraxellaceae","AA","succinate_glutamine","succinate","glutamine",0.150835506854366,0.269932826555028,0.420768333409394,0.480378514,4,3,4,"434_2",0.059610180590606,"focal","additional","CS2"
2,"Pseudomonadaceae","SS","glucose_glycerol","glucose","glycerol",0.000291225286103542,0,0.000291225286103542,0.008720661,4,3,4,"434_2",0.00842943571389646,"focal","additional","CS1"
2,"Pseudomonadaceae","SA","succinate_glycerol","succinate","glycerol",0.0867650588206195,0,0.0867650588206195,0.009555618,4,3,4,"434_2",-0.0772094408206195,"focal","additional","CS2"
2,"Enterobacteriaceae","SS","glucose_glycerol","glucose","glycerol",0.522626875814714,0.476839237057221,0.999466112871935,0.986176826,4,3,4,"434_2",-0.013289286871935,"focal","additional","CS2"
2,"Enterobacteriaceae","SA","succinate_glycerol","succinate","glycerol",0.0553460870997061,0.495283019335173,0.550629106434879,0.987939511,4,3,4,"434_2",0.437310404565121,"focal","additional","CS2"
2,"Moraxellaceae","SS","glucose_glycerol","glucose","glycerol",0.000242675967302452,0,0.000242675967302452,0.003525373,4,3,4,"434_2",0.00328269703269755,"focal","additional","CS1"
2,"Moraxellaceae","SA","succinate_glycerol","succinate","glycerol",0.167911224627573,0,0.167911224627573,0.002226579,4,3,4,"434_2",-0.165684645627573,"focal","additional","CS2"
2,"Rhizobiaceae","SA","succinate_glycerol","succinate","glycerol",0.1867813373035,0,0.1867813373035,0.000278319,4,3,4,"434_2",-0.1865030183035,"focal","additional","CS2"
2,"Enterobacteriaceae","SS","glucose_ribose","glucose","ribose",0.493069571784062,0.505064236120823,0.998133807904884,0.976435663,4,3,4,"434_2",-0.0216981449048841,"focal","additional","CS1"
2,"Enterobacteriaceae","SA","succinate_ribose","succinate","ribose",0.0521020002863626,0.523454675023494,0.575556675309857,0.866685222,4,3,4,"434_2",0.291128546690143,"focal","additional","CS2"
2,"Moraxellaceae","SS","glucose_ribose","glucose","ribose",0.000228951362467866,0.000610775457583548,0.000839726820051414,0.00528806,4,3,4,"434_2",0.00444833317994859,"focal","additional","CS2"
2,"Moraxellaceae","SA","succinate_ribose","succinate","ribose",0.158069181257003,0.000633015061841044,0.158702196318844,0.016328046,4,3,4,"434_2",-0.142374150318844,"focal","additional","CS2"
2,"Rhizobiaceae","SA","succinate_ribose","succinate","ribose",0.175833230489131,0,0.175833230489131,0.000556638,4,3,4,"434_2",-0.175276592489131,"focal","additional","CS2"
2,"Pseudomonadaceae","SS","glucose_ribose","glucose","ribose",0.000274754961439589,0.000751737313624679,0.00102649227506427,0.015307543,4,3,4,"434_2",0.0142810507249357,"focal","additional","CS2"
2,"Pseudomonadaceae","SA","succinate_ribose","succinate","ribose",0.0816793626507736,0.000779109632130648,0.0824584722829042,0.113183042,4,3,4,"434_2",0.0307245697170958,"focal","additional","CS1"
2,"Rhizobiaceae","SA","glucose_benzoate","glucose","benzoate",0.00010785804083897,0.000116531938741546,0.000224389979580515,0,1,4,2,"142_2",-0.000224389979580515,"focal","additional","CS1"
2,"Rhizobiaceae","AA","succinate_benzoate","succinate","benzoate",0.22109018919374,0.000117487118687672,0.221207676312428,0.001298822,1,4,2,"142_2",-0.219908854312428,"focal","additional","CS2"
2,"Pseudomonadaceae","SA","glucose_benzoate","glucose","benzoate",0.0014021545309066,0.339418637050152,0.340820791581059,0.318396884,1,4,2,"142_2",-0.022423907581059,"focal","additional","CS1"
2,"Pseudomonadaceae","AA","succinate_benzoate","succinate","benzoate",0.108722334431068,0.342200757376589,0.450923091807657,0.848965581,1,4,2,"142_2",0.398042489192343,"focal","additional","CS2"
2,"Moraxellaceae","SA","glucose_benzoate","glucose","benzoate",0.00215716023547858,0.039504320534197,0.0416614807696756,0.005195287,1,4,2,"142_2",-0.0364661937696756,"focal","additional","CS1"
2,"Moraxellaceae","AA","succinate_benzoate","succinate","benzoate",0.225754313173929,0.0398281264810225,0.265582439654951,0.000742184,1,4,2,"142_2",-0.264840255654951,"focal","additional","CS2"
2,"Enterobacteriaceae","SA","glucose_benzoate","glucose","benzoate",0.577363996115069,0.000699191632449274,0.578063187747518,0.383709064,1,4,2,"142_2",-0.194354123747518,"focal","additional","CS2"
2,"Enterobacteriaceae","AA","succinate_benzoate","succinate","benzoate",0.021229805443883,0.000704922712126033,0.021934728156009,0.024028203,1,4,2,"142_2",0.002093474843991,"focal","additional","CS1"
2,"Moraxellaceae","SS","glucose_cellobiose","glucose","cellobiose",0.00182671744239026,0.000800785877775877,0.00262750332016614,0.000463865,1,4,2,"142_2",-0.00216363832016614,"focal","additional","CS2"
2,"Moraxellaceae","SA","succinate_cellobiose","succinate","cellobiose",0.190932590330214,0.00080633725370087,0.191738927583915,0.001391595,1,4,2,"142_2",-0.190347332583915,"focal","additional","CS2"
2,"Pseudomonadaceae","SS","glucose_cellobiose","glucose","cellobiose",0.00118736665751925,0.000800813296020283,0.00198817995353953,0.002319325,1,4,2,"142_2",0.00033114504646047,"focal","additional","CS1"
2,"Pseudomonadaceae","SA","succinate_cellobiose","succinate","cellobiose",0.0919523381317571,0.000806364862019784,0.0927587029937769,0.087948789,1,4,2,"142_2",-0.00480991399377691,"focal","additional","CS2"
2,"Enterobacteriaceae","SS","glucose_cellobiose","glucose","cellobiose",0.488920973493447,0.506002380365372,0.994923353858819,0.996938493,1,4,2,"142_2",0.00201513914118101,"focal","additional","CS2"
2,"Enterobacteriaceae","SA","succinate_cellobiose","succinate","cellobiose",0.0179551907054114,0.509510196262615,0.527465386968026,0.909639114,1,4,2,"142_2",0.382173727031974,"focal","additional","CS2"
2,"Rhizobiaceae","SS","glucose_cellobiose","glucose","cellobiose",9.13358967322497e-05,4.71187607560779e-05,0.000138454657488328,0,1,4,2,"142_2",-0.000138454657488328,"focal","additional","CS2"
2,"Rhizobiaceae","SA","succinate_cellobiose","succinate","cellobiose",0.186987889293771,4.74454073183315e-05,0.18703533470109,0,1,4,2,"142_2",-0.18703533470109,"focal","additional","CS2"
2,"Enterobacteriaceae","SS","glucose_fructose","glucose","fructose",0.442810734009678,0.550468250549908,0.993278984559586,0.993134799,1,4,2,"142_2",-0.000144185559585952,"focal","additional","CS1"
2,"Enterobacteriaceae","SA","succinate_fructose","succinate","fructose",0.0162512079152941,0.553922169416471,0.570173377331765,0.872066054,1,4,2,"142_2",0.301892676668235,"focal","additional","CS2"
2,"Moraxellaceae","SS","glucose_fructose","glucose","fructose",0.00165443933753428,0.00133671214081316,0.00299115147834744,0.001391595,1,4,2,"142_2",-0.00159955647834744,"focal","additional","CS2"
2,"Moraxellaceae","SA","succinate_fructose","succinate","fructose",0.17281271328,0.00134509935529412,0.174157812635294,0.00287599,1,4,2,"142_2",-0.171281822635294,"focal","additional","CS2"
2,"Rhizobiaceae","SS","glucose_fructose","glucose","fructose",8.27219891682183e-05,0.000668356070406581,0.0007510780595748,0,1,4,2,"142_2",-0.0007510780595748,"focal","additional","CS1"
2,"Rhizobiaceae","SA","succinate_fructose","succinate","fructose",0.169242372103529,0.000672549677647059,0.169914921781176,0.000278319,1,4,2,"142_2",-0.169636602781176,"focal","additional","CS2"
2,"Pseudomonadaceae","SS","glucose_fructose","glucose","fructose",0.00107538585918684,0.000874004092070145,0.00194938995125698,0.004453103,1,4,2,"142_2",0.00250371304874302,"focal","additional","CS1"
2,"Pseudomonadaceae","SA","succinate_fructose","succinate","fructose",0.0832258810164706,0.00087948804,0.0841053690564706,0.123295297,1,4,2,"142_2",0.0391899279435294,"focal","additional","CS1"
2,"Enterobacteriaceae","SA","glucose_fumarate","glucose","fumarate",0.37376721829175,0.0770130520309125,0.450780270322663,0.437610168,1,4,2,"142_2",-0.013170102322663,"focal","additional","CS2"
2,"Enterobacteriaceae","AA","succinate_fumarate","succinate","fumarate",0.0137038955634921,0.077420528547619,0.0911244241111111,0.033398275,1,4,2,"142_2",-0.0577261491111111,"focal","additional","CS1"
2,"Moraxellaceae","SA","glucose_fumarate","glucose","fumarate",0.00139647741468055,0.0805425751522746,0.0819390525669552,0.262918638,1,4,2,"142_2",0.180979585433045,"focal","additional","CS2"
2,"Moraxellaceae","AA","succinate_fumarate","succinate","fumarate",0.145725006238095,0.0809687263968254,0.226693732634921,0.466555339,1,4,2,"142_2",0.239861606365079,"focal","additional","CS1"
2,"Pseudomonadaceae","SA","glucose_fumarate","glucose","fumarate",0.000907710564147624,0.388768365194231,0.389676075758379,0.278133407,1,4,2,"142_2",-0.111542668758379,"focal","additional","CS1"
2,"Pseudomonadaceae","AA","succinate_fumarate","succinate","fumarate",0.0701805544285714,0.390825340928571,0.461005895357143,0.360144726,1,4,2,"142_2",-0.100861169357143,"focal","additional","CS1"
2,"Rhizobiaceae","SA","glucose_fumarate","glucose","fumarate",6.98238895498172e-05,0.00081005477315128,0.000879878662701097,0,1,4,2,"142_2",-0.000879878662701097,"focal","additional","CS1"
2,"Rhizobiaceae","AA","succinate_fumarate","succinate","fumarate",0.142714301873016,0.000814340777777778,0.143528642650794,0.009184526,1,4,2,"142_2",-0.134344116650794,"focal","additional","CS2"
2,"Rhizobiaceae","SA","glucose_glutamine","glucose","glutamine",8.70650631758949e-05,0.126055592765699,0.126142657828875,0.003525374,1,4,2,"142_2",-0.122617283828875,"focal","additional","CS1"
2,"Rhizobiaceae","AA","succinate_glutamine","succinate","glutamine",0.178186642653851,0.126888330063262,0.305074972717113,0.276556267,1,4,2,"142_2",-0.028518705717113,"focal","additional","CS2"
2,"Enterobacteriaceae","SA","glucose_glutamine","glucose","glutamine",0.46605920528721,0.000246202342060263,0.46630540762927,0.930513035,1,4,2,"142_2",0.46420762737073,"focal","additional","CS1"
2,"Enterobacteriaceae","AA","succinate_glutamine","succinate","glutamine",0.0171100661229479,0.000247828782176743,0.0173578949051247,0.131088227,1,4,2,"142_2",0.113730332094875,"focal","additional","CS1"
2,"Moraxellaceae","SA","glucose_glutamine","glucose","glutamine",0.00174130079428082,0.276977588641422,0.278718889435702,0.022822154,1,4,2,"142_2",-0.255896735435702,"focal","additional","CS1"
2,"Moraxellaceae","AA","succinate_glutamine","succinate","glutamine",0.181945672378245,0.278807333467416,0.460753005845661,0.331756193,1,4,2,"142_2",-0.128996812845661,"focal","additional","CS1"
2,"Pseudomonadaceae","SA","glucose_glutamine","glucose","glutamine",0.00113184582128663,0.100204336764876,0.101336182586163,0.037201968,1,4,2,"142_2",-0.064134214586163,"focal","additional","CS1"
2,"Pseudomonadaceae","AA","succinate_glutamine","succinate","glutamine",0.0876242759771889,0.100866297783589,0.188490573760778,0.235086743,1,4,2,"142_2",0.046596169239222,"focal","additional","CS2"
2,"Enterobacteriaceae","SS","glucose_glycerol","glucose","glycerol",0.50455254988288,0.491961460326807,0.996514010209686,0.995268578,1,4,2,"142_2",-0.00124543220968598,"focal","additional","CS2"
2,"Enterobacteriaceae","SA","succinate_glycerol","succinate","glycerol",0.0185333542696482,0.495481757438663,0.514015111708311,0.984785231,1,4,2,"142_2",0.470770119291689,"focal","additional","CS2"
2,"Rhizobiaceae","SS","glucose_glycerol","glucose","glycerol",9.4256049730936e-05,0,9.4256049730936e-05,0,1,4,2,"142_2",-9.4256049730936e-05,"focal","additional","CS2"
2,"Rhizobiaceae","SA","succinate_glycerol","succinate","glycerol",0.1930089662245,0,0.1930089662245,0,1,4,2,"142_2",-0.1930089662245,"focal","additional","CS2"
2,"Pseudomonadaceae","SS","glucose_glycerol","glucose","glycerol",0.00122532864650217,4.56582593263619e-05,0.00127098690582853,0.002597644,1,4,2,"142_2",0.00132665709417147,"focal","additional","CS1"
2,"Pseudomonadaceae","SA","succinate_glycerol","succinate","glycerol",0.09491323631582,4.59849732082424e-05,0.0949592212890282,0.009091752,1,4,2,"142_2",-0.0858674692890282,"focal","additional","CS2"
2,"Moraxellaceae","SS","glucose_glycerol","glucose","glycerol",0.00188512048662582,0,0.00188512048662582,0.001669914,1,4,2,"142_2",-0.00021520648662582,"focal","additional","CS2"
2,"Moraxellaceae","SA","succinate_glycerol","succinate","glycerol",0.197080688045545,0,0.197080688045545,0.002504871,1,4,2,"142_2",-0.194575817045545,"focal","additional","CS2"
2,"Enterobacteriaceae","SS","glucose_ribose","glucose","ribose",0.478623565036735,0.51638248178485,0.995006046821585,0.9965674,1,4,2,"142_2",0.00156135317841499,"focal","additional","CS2"
2,"Enterobacteriaceae","SA","succinate_ribose","succinate","ribose",0.0175744614860051,0.519886349783715,0.53746081126972,0.862974303,1,4,2,"142_2",0.32551349173028,"focal","additional","CS2"
2,"Pseudomonadaceae","SS","glucose_ribose","glucose","ribose",0.00116235893618344,0.00100940462846722,0.00217176356465066,0.002041033,1,4,2,"142_2",-0.00013073056465066,"focal","additional","CS2"
2,"Pseudomonadaceae","SA","succinate_ribose","succinate","ribose",0.0900025430839695,0.00101625385496183,0.0910187969389313,0.133129233,1,4,2,"142_2",0.0421104360610687,"focal","additional","CS1"
2,"Rhizobiaceae","SS","glucose_ribose","glucose","ribose",8.94122258602643e-05,0,8.94122258602643e-05,0,1,4,2,"142_2",-8.94122258602643e-05,"focal","additional","CS2"
2,"Rhizobiaceae","SA","succinate_ribose","succinate","ribose",0.183022921486005,0,0.183022921486005,0,1,4,2,"142_2",-0.183022921486005,"focal","additional","CS2"
2,"Moraxellaceae","SS","glucose_ribose","glucose","ribose",0.00178824403531818,0.000721003306048017,0.00250924734136619,0.001206049,1,4,2,"142_2",-0.00130319834136619,"focal","additional","CS2"
2,"Moraxellaceae","SA","succinate_ribose","succinate","ribose",0.186883977465649,0.000725895610687023,0.187609873076336,0.001484368,1,4,2,"142_2",-0.186125505076336,"focal","additional","CS2"
1,"Pseudomonadaceae","SA","glucose_glycine","glucose","glycine",0.00082933955305444,0.31003310060593,0.310862440158984,0.151869376,2,1,3,"213_1",-0.158993064158984,"focal","additional","CS1"
1,"Pseudomonadaceae","AA","succinate_glycine","succinate","glycine",0.120685664409962,0.293092870462726,0.413778534872688,0.307542444,2,1,3,"213_1",-0.106236090872688,"focal","additional","CS1"
1,"Enterobacteriaceae","SA","glucose_glycine","glucose","glycine",0.55762708923819,0.0278387045823423,0.585465793820532,0.838111142,2,1,3,"213_1",0.252645348179468,"focal","additional","CS1"
1,"Enterobacteriaceae","AA","succinate_glycine","succinate","glycine",0.0250347055065349,0.0263175958310772,0.051352301337612,0.012060489,2,1,3,"213_1",-0.039291812337612,"focal","additional","CS1"
1,"Moraxellaceae","SA","glucose_glycine","glucose","glycine",5.18488073870173e-05,0.000614089169011462,0.00066593797639848,0.001669914,2,1,3,"213_1",0.00100397602360152,"focal","additional","CS2"
1,"Moraxellaceae","AA","succinate_glycine","succinate","glycine",0.00286574371107176,0.00058053529417948,0.00344627900525124,0.450691159,2,1,3,"213_1",0.447244879994749,"focal","additional","CS1"
1,"Rhizobiaceae","SA","glucose_glycine","glucose","glycine",5.18488073870173e-05,0.032260145716656,0.032311994524043,0.001113276,2,1,3,"213_1",-0.031198718524043,"focal","additional","CS1"
1,"Rhizobiaceae","AA","succinate_glycine","succinate","glycine",0.219851214206289,0.0304974491148242,0.250348663321113,0.216253827,2,1,3,"213_1",-0.034094836321113,"focal","additional","CS2"
1,"Rhizobiaceae","SA","glucose_glycine","glucose","glycine",0.000216999859535182,0.017720593246776,0.0179375931063112,0.000371092,1,2,2,"122_1",-0.0175665011063112,"focal","additional","CS1"
1,"Rhizobiaceae","AA","succinate_glycine","succinate","glycine",0.0417591221883444,0.0209702664110188,0.0627293885993632,0.168754059,1,2,2,"122_1",0.106024670400637,"focal","additional","CS1"
1,"Moraxellaceae","SA","glucose_glycine","glucose","glycine",0.000108499929767591,0.00392934875137341,0.004037848681141,9.28e-05,1,2,2,"122_1",-0.003945048681141,"focal","additional","CS1"
1,"Moraxellaceae","AA","succinate_glycine","succinate","glycine",0.00429387606439479,0.00464992841890866,0.00894380448330345,0.496521013,1,2,2,"122_1",0.487577208516697,"focal","additional","CS2"
1,"Pseudomonadaceae","SA","glucose_glycine","glucose","glycine",0.000867999438140727,0.249513656923684,0.250381656361825,0.001298822,1,2,2,"122_1",-0.249082834361825,"focal","additional","CS1"
1,"Pseudomonadaceae","AA","succinate_glycine","succinate","glycine",0.340631756008381,0.295270467868177,0.635902223876558,0.31394378,1,2,2,"122_1",-0.321958443876558,"focal","additional","CS2"
1,"Enterobacteriaceae","SA","glucose_glycine","glucose","glycine",0.583078525500828,0.0439547755932743,0.627033301094102,0.997495129,1,2,2,"122_1",0.370461827905898,"focal","additional","CS1"
1,"Enterobacteriaceae","AA","succinate_glycine","succinate","glycine",0.0223187312605049,0.0520153778934691,0.074334109153974,0.008164023,1,2,2,"122_1",-0.066170086153974,"focal","additional","CS1"
1,"Enterobacteriaceae","SA","glucose_glycine","glucose","glycine",0.582490563827586,0.0028023844137931,0.585292948241379,0.84052324,4,3,1,"431_1",0.255230291758621,"focal","additional","CS1"
1,"Enterobacteriaceae","AA","succinate_glycine","succinate","glycine",0.0251220994738361,0.00327765954010099,0.0283997590139371,0.018369051,4,3,1,"431_1",-0.0100307080139371,"focal","additional","CS2"
1,"Pseudomonadaceae","SA","glucose_glycine","glucose","glycine",0.0240454284668435,0.316669386090186,0.340714814557029,0.150848873,4,3,1,"431_1",-0.189865941557029,"focal","additional","CS1"
1,"Pseudomonadaceae","AA","succinate_glycine","succinate","glycine",0.166364123410811,0.370375466430585,0.536739589841396,0.573893682,4,3,1,"431_1",0.037154092158604,"focal","additional","CS2"
1,"Moraxellaceae","SA","glucose_glycine","glucose","glycine",0.000454759957559682,0.000323352047745358,0.00077811200530504,9.28e-05,4,3,1,"431_1",-0.00068531200530504,"focal","additional","CS2"
1,"Moraxellaceae","AA","succinate_glycine","succinate","glycine",0.168241936646018,0.000378191485396268,0.168620128131414,0.002319325,4,3,1,"431_1",-0.166300803131414,"focal","additional","CS2"
1,"Rhizobiaceae","SA","glucose_glycine","glucose","glycine",0.000511604952254642,0.0202633915066313,0.0207749964588859,0,4,3,1,"431_1",-0.0207749964588859,"focal","additional","CS1"
1,"Rhizobiaceae","AA","succinate_glycine","succinate","glycine",0.134948811274318,0.0236999956749741,0.158648806949292,0.000463865,4,3,1,"431_1",-0.158184941949292,"focal","additional","CS2"
2,"Enterobacteriaceae","SA","glucose_glycine","glucose","glycine",0.545613890858892,0.00192389909879074,0.547537789957682,0.984043046,2,1,3,"213_2",0.436505256042318,"focal","additional","CS1"
2,"Enterobacteriaceae","AA","succinate_glycine","succinate","glycine",0.0262631215223447,0.00186097672997582,0.0281240982523205,0.04879859,2,1,3,"213_2",0.0206744917476795,"focal","additional","CS1"
2,"Pseudomonadaceae","SA","glucose_glycine","glucose","glycine",0.000815185704768439,0.330408703270583,0.331223888975352,0.003061509,2,1,3,"213_2",-0.328162379975352,"focal","additional","CS1"
2,"Pseudomonadaceae","AA","succinate_glycine","succinate","glycine",0.108243822685292,0.319602472164224,0.427846294849516,0.310418407,2,1,3,"213_2",-0.117427887849516,"focal","additional","CS1"
2,"Moraxellaceae","SA","glucose_glycine","glucose","glycine",0.00239460745857696,0.000250943360711835,0.0026455508192888,0.003247055,2,1,3,"213_2",0.0006015041807112,"focal","additional","CS1"
2,"Moraxellaceae","AA","succinate_glycine","succinate","glycine",0.218161787734925,0.000242736095214238,0.21840452383014,0.52936265,2,1,3,"213_2",0.31095812616986,"focal","additional","CS1"
2,"Rhizobiaceae","SA","glucose_glycine","glucose","glycine",0.000101898213096055,0.00016729557380789,0.000269193786903945,0.001113276,2,1,3,"213_2",0.000844082213096055,"focal","additional","CS2"
2,"Rhizobiaceae","AA","succinate_glycine","succinate","glycine",0.207122921001033,0.000161824063476158,0.207284745064509,0.045365989,2,1,3,"213_2",-0.161918756064509,"focal","additional","CS2"
2,"Moraxellaceae","SA","glucose_glycine","glucose","glycine",0.00207695271001367,0.000571888355604806,0.00264884106561847,0.000556638,1,2,2,"122_2",-0.00209220306561847,"focal","additional","CS2"
2,"Moraxellaceae","AA","succinate_glycine","succinate","glycine",0.217294092142012,0.000576400295857988,0.21787049243787,0.513498469,1,2,2,"122_2",0.29562797656213,"focal","additional","CS1"
2,"Pseudomonadaceae","SA","glucose_glycine","glucose","glycine",0.00135001962530536,0.320911012552925,0.32226103217823,0.005844699,1,2,2,"122_2",-0.31641633317823,"focal","additional","CS1"
2,"Pseudomonadaceae","AA","succinate_glycine","succinate","glycine",0.104647927313609,0.323442855177515,0.428090782491124,0.255125708,1,2,2,"122_2",-0.172965074491124,"focal","additional","CS1"
2,"Rhizobiaceae","SA","glucose_glycine","glucose","glycine",0.000103847663485028,0,0.000103847663485028,0.000371092,1,2,2,"122_2",0.000267244336514972,"focal","additional","CS1"
2,"Rhizobiaceae","AA","succinate_glycine","succinate","glycine",0.212804757822485,0,0.212804757822485,0.062714537,1,2,2,"122_2",-0.150090220822485,"focal","additional","CS2"
2,"Enterobacteriaceae","SA","glucose_glycine","glucose","glycine",0.55589644972733,0.0153592846229361,0.571255734350266,0.986176826,1,2,2,"122_2",0.414921091649734,"focal","additional","CS1"
2,"Enterobacteriaceae","AA","succinate_glycine","succinate","glycine",0.0204342111360947,0.0154804624260355,0.0359146735621302,0.11717228,1,2,2,"122_2",0.0812576064378698,"focal","additional","CS1"
2,"Enterobacteriaceae","SA","glucose_glycine","glucose","glycine",0.531804241904063,0.00247297492496773,0.53427721682903,0.985341869,4,3,1,"431_2",0.45106465217097,"focal","additional","CS1"
2,"Enterobacteriaceae","AA","succinate_glycine","succinate","glycine",0.056356246177082,0.00257037355551207,0.058926619732594,0.109472123,4,3,1,"431_2",0.050545503267406,"focal","additional","CS1"
2,"Rhizobiaceae","SA","glucose_glycine","glucose","glycine",0,0.000347084199995471,0.000347084199995471,0.000278319,4,3,1,"431_2",-6.8765199995471e-05,"focal","additional","CS1"
2,"Rhizobiaceae","AA","succinate_glycine","succinate","glycine",0.190190410523466,0.000360754183229764,0.190551164706696,0.080619723,4,3,1,"431_2",-0.109931441706696,"focal","additional","CS2"
2,"Pseudomonadaceae","SA","glucose_glycine","glucose","glycine",0.000296339223386008,0.372247742297361,0.372544081520747,0.006401337,4,3,1,"431_2",-0.366142744520747,"focal","additional","CS1"
2,"Pseudomonadaceae","AA","succinate_glycine","succinate","glycine",0.0883486669193964,0.386908796866467,0.475257463785864,0.183319418,4,3,1,"431_2",-0.291938045785864,"focal","additional","CS1"
2,"Moraxellaceae","SA","glucose_glycine","glucose","glycine",0.000246937375002831,0.000477240774993773,0.000724178149996603,0.00371092,4,3,1,"431_2",0.0029867418500034,"focal","additional","CS2"
2,"Moraxellaceae","AA","succinate_glycine","succinate","glycine",0.170975886587239,0.000496037001940925,0.17147192358918,0.558864459,4,3,1,"431_2",0.38739253541082,"focal","additional","CS1"
