"Inoculum","Genus","CS_duo","CS_type_duo","CS1_mono","CS2_mono","epsi_mean","epsi_sd","t.outcome"
1,"Achromobacter","glucose_benzoate","SA","glucose","benzoate",-0.000321164677066051,0.000283586965571006,"ns"
1,"Achromobacter","glucose_fructose","SS","glucose","fructose",-0.000305400668444948,0.0002011616955048,"ns"
1,"Achromobacter","glucose_fumarate","SA","glucose","fumarate",-0.00305710707765125,0.000742261588910456,"signif"
1,"Achromobacter","glucose_glutamine","SA","glucose","glutamine",0.00202158020271423,0.00406438498680249,"ns"
1,"Achromobacter","glucose_glycerol","SS","glucose","glycerol",-0.000324024303503284,0.000107536720335435,"signif"
1,"Achromobacter","glucose_glycine","SA","glucose","glycine",-0.0343606230492979,0.0328166995670146,"ns"
1,"Achromobacter","glucose_ribose","SS","glucose","ribose",-0.000293552724382555,0.000171807229402919,"ns"
1,"Achromobacter","succinate_benzoate","AA","succinate","benzoate",-0.00104710495903901,0.000484923468227806,"signif"
1,"Achromobacter","succinate_cellobiose","SA","succinate","cellobiose",-0.000686235935630337,0.000229799089672776,"signif"
1,"Achromobacter","succinate_fructose","SA","succinate","fructose",-0.00085094870006467,0.000304278942291726,"signif"
1,"Achromobacter","succinate_fumarate","AA","succinate","fumarate",0.000425913776374515,0.00171894559880553,"ns"
1,"Achromobacter","succinate_glutamine","AA","succinate","glutamine",-0.00131261284659552,0.000733644330986513,"signif"
1,"Achromobacter","succinate_glycerol","SA","succinate","glycerol",-0.000901859763461493,0.000366106641055655,"signif"
1,"Achromobacter","succinate_glycine","AA","succinate","glycine",-0.0379892962615915,0.0352228614535495,"ns"
1,"Achromobacter","succinate_ribose","SA","succinate","ribose",-0.000930821530590398,0.000330219528218248,"signif"
1,"Acinetobacter","glucose_benzoate","SA","glucose","benzoate",-0.00339207103164709,0.00271779167136465,"ns"
1,"Acinetobacter","glucose_cellobiose","SS","glucose","cellobiose",-0.00054845410470002,0.000472161635965234,"ns"
1,"Acinetobacter","glucose_fructose","SS","glucose","fructose",-0.00174418525381334,0.000476706523411198,"signif"
1,"Acinetobacter","glucose_fumarate","SA","glucose","fumarate",-0.18867450110531,0.0390835167277606,"signif"
1,"Acinetobacter","glucose_glutamine","SA","glucose","glutamine",-0.00317214880896817,0.00313062806430885,"ns"
1,"Acinetobacter","glucose_glycerol","SS","glucose","glycerol",-0.000181816640445163,0.000196518588550725,"ns"
1,"Acinetobacter","glucose_glycine","SA","glucose","glycine",-0.00126869995758366,0.00213751514578274,"ns"
1,"Acinetobacter","glucose_ribose","SS","glucose","ribose",-0.00159473526640551,0.000418794181240309,"signif"
1,"Acinetobacter","succinate_benzoate","AA","succinate","benzoate",-0.149704170377215,0.185023637861013,"ns"
1,"Acinetobacter","succinate_cellobiose","SA","succinate","cellobiose",-0.104372475345244,0.132545316622799,"ns"
1,"Acinetobacter","succinate_fructose","SA","succinate","fructose",-0.103920638416087,0.130676408720919,"ns"
1,"Acinetobacter","succinate_fumarate","AA","succinate","fumarate",0.017655000356063,0.1147750568861,"ns"
1,"Acinetobacter","succinate_glutamine","AA","succinate","glutamine",0.109567780704505,0.142601728496549,"ns"
1,"Acinetobacter","succinate_glycerol","SA","succinate","glycerol",-0.117110107867706,0.148778366800327,"ns"
1,"Acinetobacter","succinate_glycine","AA","succinate","glycine",0.187354620355282,0.300830869047132,"ns"
1,"Acinetobacter","succinate_ribose","SA","succinate","ribose",-0.119856827763337,0.150363345461127,"ns"
1,"Aeromonas","glucose_fructose","SS","glucose","fructose",-0.000250356482108326,0.000313485601542694,"ns"
1,"Aeromonas","glucose_fumarate","SA","glucose","fumarate",-0.00050084872848013,0.000390431668713798,"ns"
1,"Aeromonas","succinate_fructose","SA","succinate","fructose",-0.000252110368333084,0.000445196982056502,"ns"
1,"Aeromonas","succinate_fumarate","AA","succinate","fumarate",-0.000574621946173303,0.000403769678442411,"signif"
1,"Alcaligenes","glucose_benzoate","SA","glucose","benzoate",-0.000146438172658581,7.53003084738424e-05,"signif"
1,"Alcaligenes","glucose_cellobiose","SS","glucose","cellobiose",-0.000105752492946919,5.4408073927871e-05,"signif"
1,"Alcaligenes","glucose_fructose","SS","glucose","fructose",-0.000104284454280219,5.37000513620158e-05,"signif"
1,"Alcaligenes","glucose_fumarate","SA","glucose","fumarate",-8.63805869982877e-05,4.47573235350225e-05,"signif"
1,"Alcaligenes","glucose_glutamine","SA","glucose","glutamine",-0.000111206989840261,5.72523416902879e-05,"signif"
1,"Alcaligenes","glucose_glycerol","SS","glucose","glycerol",-0.000118282065025322,6.05989168531844e-05,"signif"
1,"Alcaligenes","glucose_glycine","SA","glucose","glycine",-0.00012798987722328,6.5474658615247e-05,"ns"
1,"Alcaligenes","glucose_ribose","SS","glucose","ribose",-0.000119336942020468,6.1245106156568e-05,"signif"
1,"Azomonas","glucose_fumarate","SA","glucose","fumarate",-0.00157695317054374,0.000625553826803024,"signif"
1,"Azomonas","succinate_fumarate","AA","succinate","fumarate",0.0973587062767054,0.0279520412533717,"signif"
1,"Brevundimonas","succinate_benzoate","AA","succinate","benzoate",-0.000819566387020211,0.00104489771677913,"ns"
1,"Brevundimonas","succinate_cellobiose","SA","succinate","cellobiose",-0.000589734488028283,0.000724493208280454,"ns"
1,"Brevundimonas","succinate_fructose","SA","succinate","fructose",-0.000580515532144734,0.000713077242160645,"ns"
1,"Brevundimonas","succinate_fumarate","AA","succinate","fumarate",-0.000470975297163671,0.000575468651008592,"ns"
1,"Brevundimonas","succinate_glutamine","AA","succinate","glutamine",-0.000616627582189552,0.000748002872213972,"ns"
1,"Brevundimonas","succinate_glycerol","SA","succinate","glycerol",-0.000669475824366185,0.000825732920141682,"ns"
1,"Brevundimonas","succinate_glycine","AA","succinate","glycine",-0.000336752398549075,0.00100139986038891,"ns"
1,"Brevundimonas","succinate_ribose","SA","succinate","ribose",-0.00067678798496531,0.000835464099330006,"ns"
1,"Chryseobacterium","glucose_benzoate","SA","glucose","benzoate",-0.000212810732322095,0.000153064676367138,"ns"
1,"Chryseobacterium","glucose_fumarate","SA","glucose","fumarate",-0.00158122919954612,0.00152141142739471,"ns"
1,"Chryseobacterium","glucose_glutamine","SA","glucose","glutamine",-0.00222676480864978,0.00208894681835441,"ns"
1,"Chryseobacterium","succinate_benzoate","AA","succinate","benzoate",-0.00247840666851723,0.01666144796436,"ns"
1,"Chryseobacterium","succinate_cellobiose","SA","succinate","cellobiose",-0.00722069346716472,0.0120129218433246,"ns"
1,"Chryseobacterium","succinate_fructose","SA","succinate","fructose",-0.00710738952790861,0.0118242665099172,"ns"
1,"Chryseobacterium","succinate_fumarate","AA","succinate","fumarate",0.027616981862497,0.0529638857977554,"ns"
1,"Chryseobacterium","succinate_glutamine","AA","succinate","glutamine",-0.00806643197355533,0.0113064290951194,"ns"
1,"Chryseobacterium","succinate_glycerol","SA","succinate","glycerol",-0.00767603712257783,0.0132369866864174,"ns"
1,"Chryseobacterium","succinate_glycine","AA","succinate","glycine",-0.00629735716327256,0.012338525478984,"ns"
1,"Chryseobacterium","succinate_ribose","SA","succinate","ribose",-0.00830727265379138,0.0138301611548195,"ns"
1,"Citrobacter","glucose_benzoate","SA","glucose","benzoate",-0.0657606968177945,0.00840955805980316,"signif"
1,"Citrobacter","glucose_cellobiose","SS","glucose","cellobiose",0.00538340168214009,0.00732101063842073,"ns"
1,"Citrobacter","glucose_fructose","SS","glucose","fructose",0.00739880475276619,0.00752168489894152,"ns"
1,"Citrobacter","glucose_fumarate","SA","glucose","fumarate",-0.0420462512752703,0.00326215293504148,"signif"
1,"Citrobacter","glucose_glutamine","SA","glucose","glutamine",0.0228575048444546,0.0659770194726185,"ns"
1,"Citrobacter","glucose_glycerol","SS","glucose","glycerol",0.0446457438021971,0.0153891552753352,"signif"
1,"Citrobacter","glucose_glycine","SA","glucose","glycine",0.105404618390835,0.0168736086669647,"signif"
1,"Citrobacter","glucose_ribose","SS","glucose","ribose",0.0074137387592863,0.0266133837171227,"ns"
1,"Citrobacter","succinate_benzoate","AA","succinate","benzoate",-0.00301041099618289,0.00173541296096015,"signif"
1,"Citrobacter","succinate_cellobiose","SA","succinate","cellobiose",-0.000699699734452972,0.0148854881037425,"ns"
1,"Citrobacter","succinate_fructose","SA","succinate","fructose",0.0293513063573149,0.0439114202620045,"ns"
1,"Citrobacter","succinate_fumarate","AA","succinate","fumarate",-0.000232639092844293,0.00191755138346404,"ns"
1,"Citrobacter","succinate_glutamine","AA","succinate","glutamine",0.00647114248952273,0.00599217137872499,"ns"
1,"Citrobacter","succinate_glycerol","SA","succinate","glycerol",0.0503245830254328,0.0094611326828907,"signif"
1,"Citrobacter","succinate_glycine","AA","succinate","glycine",0.00589783298248236,0.00420391195203993,"ns"
1,"Citrobacter","succinate_ribose","SA","succinate","ribose",-0.0192141832789826,0.0225745808463114,"ns"
1,"Comamonadaceae.1","succinate_fumarate","AA","succinate","fumarate",0.0208570762514797,0.00829068057512874,"signif"
1,"Delftia","glucose_benzoate","SA","glucose","benzoate",-0.00109409849625943,0.000465761551693425,"signif"
1,"Delftia","glucose_cellobiose","SS","glucose","cellobiose",-0.000552395454089645,0.000275009024716132,"signif"
1,"Delftia","glucose_fructose","SS","glucose","fructose",-0.000469083043495438,0.000256991696554396,"signif"
1,"Delftia","glucose_fumarate","SA","glucose","fumarate",0.0019901674038974,0.00509062513174494,"ns"
1,"Delftia","glucose_glutamine","SA","glucose","glutamine",-0.087054079538027,0.0187166829711772,"signif"
1,"Delftia","glucose_glycerol","SS","glucose","glycerol",-0.000348858907604992,0.00021315125099289,"ns"
1,"Delftia","glucose_glycine","SA","glucose","glycine",-0.00755823268038066,0.00988394150326697,"ns"
1,"Delftia","glucose_ribose","SS","glucose","ribose",-0.00162582407849369,0.00185051114300696,"ns"
1,"Delftia","succinate_benzoate","AA","succinate","benzoate",-0.064444511148743,0.0688590512237625,"ns"
1,"Delftia","succinate_cellobiose","SA","succinate","cellobiose",-0.0460927168745798,0.0500083907810598,"ns"
1,"Delftia","succinate_fructose","SA","succinate","fructose",-0.045399662970406,0.0492248393156542,"ns"
1,"Delftia","succinate_fumarate","AA","succinate","fumarate",-0.0406097200879804,0.040796427906824,"ns"
1,"Delftia","succinate_glutamine","AA","succinate","glutamine",-0.139960522792212,0.0523943121953065,"signif"
1,"Delftia","succinate_glycerol","SA","succinate","glycerol",-0.0515466455269813,0.0557797939709016,"ns"
1,"Delftia","succinate_glycine","AA","succinate","glycine",-0.000312236041935794,0.115313630864853,"ns"
1,"Delftia","succinate_ribose","SA","succinate","ribose",-0.0524323662353096,0.056161679656288,"ns"
1,"Elizabethkingia","glucose_benzoate","SA","glucose","benzoate",-0.0622494167381773,0.0164025565873428,"signif"
1,"Elizabethkingia","glucose_cellobiose","SS","glucose","cellobiose",-0.000286936933163143,0.000277926793154535,"ns"
1,"Elizabethkingia","glucose_fructose","SS","glucose","fructose",-0.000454076810353259,0.000376161523468681,"ns"
1,"Elizabethkingia","glucose_fumarate","SA","glucose","fumarate",-0.000428799550911393,0.000364219774787733,"ns"
1,"Elizabethkingia","glucose_glutamine","SA","glucose","glutamine",-0.0611251650431471,0.0126666434624767,"signif"
1,"Elizabethkingia","glucose_glycerol","SS","glucose","glycerol",-0.000280310457853283,0.000304372323680322,"ns"
1,"Elizabethkingia","glucose_glycine","SA","glucose","glycine",-0.00905959755749799,0.00112957798387907,"signif"
1,"Elizabethkingia","glucose_ribose","SS","glucose","ribose",-0.000995013958041076,0.00112576915561875,"ns"
1,"Elizabethkingia","succinate_benzoate","AA","succinate","benzoate",0.117896466191804,0.0526707064289557,"signif"
1,"Elizabethkingia","succinate_cellobiose","SA","succinate","cellobiose",-0.000414030223422768,0.000259962183458932,"ns"
1,"Elizabethkingia","succinate_fructose","SA","succinate","fructose",-0.000634623768245161,0.000371806787738604,"ns"
1,"Elizabethkingia","succinate_fumarate","AA","succinate","fumarate",-0.000574254481474682,0.000361983811576455,"ns"
1,"Elizabethkingia","succinate_glutamine","AA","succinate","glutamine",-0.0652174398157399,0.0141093769765178,"signif"
1,"Elizabethkingia","succinate_glycerol","SA","succinate","glycerol",-0.000383947508080579,0.000297392947234134,"ns"
1,"Elizabethkingia","succinate_glycine","AA","succinate","glycine",0.0265418113214503,0.0632026117838596,"ns"
1,"Elizabethkingia","succinate_ribose","SA","succinate","ribose",-0.00117352466355751,0.00120337685053549,"ns"
1,"Empedobacter","glucose_glutamine","SA","glucose","glutamine",-0.00151787530205276,0.00141998527390705,"ns"
1,"Empedobacter","succinate_glutamine","AA","succinate","glutamine",-0.00161634317374103,0.00151786980415176,"ns"
1,"Ensifer","succinate_fumarate","AA","succinate","fumarate",0.000468223094748516,0.000231259899229832,"signif"
1,"Enterobacter","glucose_benzoate","SA","glucose","benzoate",0.475393751607184,0.0279332790622168,"signif"
1,"Enterobacter","glucose_cellobiose","SS","glucose","cellobiose",-0.00744456888145467,0.00324096600943553,"signif"
1,"Enterobacter","glucose_fructose","SS","glucose","fructose",0.00114659849032451,0.00232819699368037,"ns"
1,"Enterobacter","glucose_fumarate","SA","glucose","fumarate",-0.00401582448137296,0.0130110038329763,"ns"
1,"Enterobacter","glucose_glutamine","SA","glucose","glutamine",0.296847889907551,0.103493858629143,"signif"
1,"Enterobacter","glucose_glycerol","SS","glucose","glycerol",-0.00121418087755301,0.000373394077924353,"signif"
1,"Enterobacter","glucose_glycine","SA","glucose","glycine",-0.00131558028117849,0.000406094451987843,"ns"
1,"Enterobacter","glucose_ribose","SS","glucose","ribose",-0.0211763514777355,0.0258113933391516,"ns"
1,"Enterobacter","succinate_benzoate","AA","succinate","benzoate",0.00332773168613344,0.00469520420075515,"ns"
1,"Enterobacter","succinate_cellobiose","SA","succinate","cellobiose",0.179103458089992,0.0343928952458466,"signif"
1,"Enterobacter","succinate_fructose","SA","succinate","fructose",0.0873501899224133,0.0910042072470934,"ns"
1,"Enterobacter","succinate_fumarate","AA","succinate","fumarate",-0.0135186053316812,0.00598544708990368,"signif"
1,"Enterobacter","succinate_glutamine","AA","succinate","glutamine",-0.00250847364336576,0.00325148589171868,"ns"
1,"Enterobacter","succinate_glycine","AA","succinate","glycine",-0.00146153045753727,0.00284755805361069,"ns"
1,"Enterobacter","succinate_ribose","SA","succinate","ribose",0.161219644775297,0.0576251820894825,"signif"
1,"Enterobacteriaceae.2","succinate_ribose","SA","succinate","ribose",0.0423739385783074,0.0389356381067653,"ns"
1,"Enterobacteriaceae.7","glucose_benzoate","SA","glucose","benzoate",-0.00396657637346755,0.00498270649600619,"ns"
1,"Enterobacteriaceae.7","glucose_cellobiose","SS","glucose","cellobiose",-0.00286402549749163,0.0036139943841375,"ns"
1,"Enterobacteriaceae.7","glucose_fructose","SS","glucose","fructose",0.000585484040720565,0.00482095227883638,"ns"
1,"Enterobacteriaceae.7","glucose_fumarate","SA","glucose","fumarate",-0.002340729980093,0.00296228058753173,"ns"
1,"Enterobacteriaceae.7","glucose_glutamine","SA","glucose","glutamine",-0.00224978825883524,0.00386432787477165,"ns"
1,"Enterobacteriaceae.7","glucose_glycerol","SS","glucose","glycerol",0.00291360911285034,0.01132992512993,"ns"
1,"Enterobacteriaceae.7","glucose_glycine","SA","glucose","glycine",-0.00342118190069199,0.00361242745256657,"ns"
1,"Enterobacteriaceae.7","glucose_ribose","SS","glucose","ribose",-0.00161642834638407,0.00769408038451314,"ns"
1,"Enterobacteriaceae.7","succinate_fructose","SA","succinate","fructose",0.00170083833333333,0.000386244799536943,"signif"
1,"Enterobacteriaceae.7","succinate_ribose","SA","succinate","ribose",-0.00431823006677414,0.00370175152985358,"ns"
1,"Enterobacteriaceae.8","glucose_benzoate","SA","glucose","benzoate",-0.00673572441995873,0.00194563721853113,"signif"
1,"Enterobacteriaceae.8","glucose_cellobiose","SS","glucose","cellobiose",0.0133676955286245,0.0153049516466059,"ns"
1,"Enterobacteriaceae.8","glucose_fructose","SS","glucose","fructose",-0.00126251472062861,0.011399582637684,"ns"
1,"Enterobacteriaceae.8","glucose_fumarate","SA","glucose","fumarate",0.587899681086126,0.0876352397681514,"signif"
1,"Enterobacteriaceae.8","glucose_glutamine","SA","glucose","glutamine",0.00502585980467208,0.0121435996220751,"ns"
1,"Enterobacteriaceae.8","glucose_glycerol","SS","glucose","glycerol",-0.222731863592471,0.0862248988617202,"signif"
1,"Enterobacteriaceae.8","glucose_glycine","SA","glucose","glycine",0.111244446136483,0.0626363367098279,"signif"
1,"Enterobacteriaceae.8","glucose_ribose","SS","glucose","ribose",0.0208554902918681,0.0146703451568694,"signif"
1,"Enterobacteriaceae.8","succinate_benzoate","AA","succinate","benzoate",-0.00251642805810257,0.00124437488184387,"signif"
1,"Enterobacteriaceae.8","succinate_cellobiose","SA","succinate","cellobiose",0.0039576537118791,0.0274585513953294,"ns"
1,"Enterobacteriaceae.8","succinate_fructose","SA","succinate","fructose",-0.00829207843641056,0.00838869995850888,"ns"
1,"Enterobacteriaceae.8","succinate_fumarate","AA","succinate","fumarate",0.00369574393461082,0.00450782227646969,"ns"
1,"Enterobacteriaceae.8","succinate_glutamine","AA","succinate","glutamine",-0.00221551974298315,0.00124209404614807,"ns"
1,"Enterobacteriaceae.8","succinate_glycerol","SA","succinate","glycerol",-0.300615918813818,0.089824412045497,"signif"
1,"Enterobacteriaceae.8","succinate_glycine","AA","succinate","glycine",-0.00487757867874284,0.00310809964462139,"ns"
1,"Enterobacteriaceae.8","succinate_ribose","SA","succinate","ribose",-0.00347099805110422,0.00146777754026522,"signif"
1,"Enterococcus","glucose_benzoate","SA","glucose","benzoate",-0.00347675194440733,0.00204262842140006,"signif"
1,"Enterococcus","glucose_cellobiose","SS","glucose","cellobiose",-0.00159653038395993,0.00155708664736086,"ns"
1,"Enterococcus","glucose_fumarate","SA","glucose","fumarate",0.00425710079117907,0.00357957848082919,"ns"
1,"Enterococcus","glucose_glutamine","SA","glucose","glutamine",0.0011080422436882,0.00418992238423547,"ns"
1,"Enterococcus","glucose_glycine","SA","glucose","glycine",-0.000130098536601624,0.000129398123357634,"ns"
1,"Enterococcus","succinate_benzoate","AA","succinate","benzoate",0.000578964954217549,0.00308033904170547,"ns"
1,"Enterococcus","succinate_cellobiose","SA","succinate","cellobiose",-0.000745989373900613,0.0016502601720035,"ns"
1,"Enterococcus","succinate_fructose","SA","succinate","fructose",0.000158805447627735,0.000215718443875504,"ns"
1,"Enterococcus","succinate_fumarate","AA","succinate","fumarate",-0.000179974186686083,0.000449220373497242,"ns"
1,"Enterococcus","succinate_glutamine","AA","succinate","glutamine",-0.00529325836811607,0.00251576760728401,"signif"
1,"Enterococcus","succinate_glycerol","SA","succinate","glycerol",0.000163482930294022,0.000646413438233431,"ns"
1,"Enterococcus","succinate_glycine","AA","succinate","glycine",-0.000452963096717013,0.00020331046888799,"ns"
1,"Enterococcus","succinate_ribose","SA","succinate","ribose",-0.000326856915300462,0.000140161555580827,"signif"
1,"Herbaspirillum","glucose_benzoate","SA","glucose","benzoate",-0.000420154923459117,0.000600338906823531,"ns"
1,"Herbaspirillum","glucose_fructose","SS","glucose","fructose",-3.39582214525968e-05,0.000120154604196627,"ns"
1,"Herbaspirillum","glucose_fumarate","SA","glucose","fumarate",0.00990182417056435,0.00926041066820824,"ns"
1,"Herbaspirillum","glucose_glutamine","SA","glucose","glutamine",0.0537021488713614,0.0416168624951372,"ns"
1,"Herbaspirillum","glucose_glycerol","SS","glucose","glycerol",-0.00116387707655655,0.00105912717323192,"ns"
1,"Herbaspirillum","glucose_glycine","SA","glucose","glycine",-0.00011130735376776,0.00030314848313432,"ns"
1,"Herbaspirillum","glucose_ribose","SS","glucose","ribose",-0.00122342199272014,0.000321863546582663,"signif"
1,"Herbaspirillum","succinate_benzoate","AA","succinate","benzoate",-0.00269181319692891,0.00211110008903916,"ns"
1,"Herbaspirillum","succinate_cellobiose","SA","succinate","cellobiose",0.0642380477396963,0.0118795119312168,"signif"
1,"Herbaspirillum","succinate_fructose","SA","succinate","fructose",0.0425019522216508,0.0497398835896539,"ns"
1,"Herbaspirillum","succinate_fumarate","AA","succinate","fumarate",-0.00116663493954712,0.00170753046617396,"ns"
1,"Herbaspirillum","succinate_glutamine","AA","succinate","glutamine",-0.0183597023530472,0.0180177132726343,"ns"
1,"Herbaspirillum","succinate_glycerol","SA","succinate","glycerol",-0.00283033827614977,0.00191568830007623,"ns"
1,"Herbaspirillum","succinate_glycine","AA","succinate","glycine",-0.0022149181797223,0.00179181152504255,"ns"
1,"Herbaspirillum","succinate_ribose","SA","succinate","ribose",-0.00111404877538548,0.00365761024295314,"ns"
1,"Klebsiella","glucose_benzoate","SA","glucose","benzoate",-0.0240287165018746,0.024023852982304,"ns"
1,"Klebsiella","glucose_cellobiose","SS","glucose","cellobiose",-0.01528796052553,0.017511823347774,"ns"
1,"Klebsiella","glucose_fructose","SS","glucose","fructose",0.00249674700654057,0.0252184075308247,"ns"
1,"Klebsiella","glucose_fumarate","SA","glucose","fumarate",-0.0140241634221355,0.0142991325622799,"ns"
1,"Klebsiella","glucose_glutamine","SA","glucose","glutamine",-0.0153864452566889,0.0188098225297314,"ns"
1,"Klebsiella","glucose_glycerol","SS","glucose","glycerol",0.0196921079895613,0.0594568108187362,"ns"
1,"Klebsiella","glucose_glycine","SA","glucose","glycine",-0.0236515634668647,0.0248326899084362,"ns"
1,"Klebsiella","glucose_ribose","SS","glucose","ribose",-0.00664428291058718,0.0508734267028641,"ns"
1,"Klebsiella","succinate_benzoate","AA","succinate","benzoate",-0.0276718428716172,0.0449488767509001,"ns"
1,"Klebsiella","succinate_cellobiose","SA","succinate","cellobiose",1.69382103934148e-05,0.0334280851206411,"ns"
1,"Klebsiella","succinate_fructose","SA","succinate","fructose",-0.00684189345571418,0.0319907103785772,"ns"
1,"Klebsiella","succinate_fumarate","AA","succinate","fumarate",-0.0204739457414358,0.028798280917417,"ns"
1,"Klebsiella","succinate_glutamine","AA","succinate","glutamine",0.0541177748162002,0.0416487349064001,"ns"
1,"Klebsiella","succinate_glycerol","SA","succinate","glycerol",0.0797371125031056,0.0784722823946752,"ns"
1,"Klebsiella","succinate_glycine","AA","succinate","glycine",-0.0368189731814159,0.0370273114776633,"ns"
1,"Klebsiella","succinate_ribose","SA","succinate","ribose",-0.0390407408978189,0.0431733159130886,"ns"
1,"Lachnoclostridium_5","glucose_fumarate","SA","glucose","fumarate",-0.000631753813627336,0.00163591454823238,"ns"
1,"Lachnospiraceae.8","succinate_fumarate","AA","succinate","fumarate",0.00126260902014358,0.0022322172993838,"ns"
1,"Lachnospiraceae.8","succinate_glutamine","AA","succinate","glutamine",0.000865423116413782,0.000984013668869127,"ns"
1,"Lachnospiraceae.8","succinate_glycine","AA","succinate","glycine",-0.00231545960431645,0.0025175241310014,"ns"
1,"Nubsella","glucose_benzoate","SA","glucose","benzoate",-0.00183426150857581,0.00200992046046545,"ns"
1,"Nubsella","glucose_cellobiose","SS","glucose","cellobiose",-0.000787499214757453,0.000473262188612807,"ns"
1,"Nubsella","glucose_fumarate","SA","glucose","fumarate",-0.00593789057620567,0.00283939293303731,"signif"
1,"Nubsella","glucose_glutamine","SA","glucose","glutamine",-0.00461894015358724,0.00487837167621579,"ns"
1,"Nubsella","glucose_glycine","SA","glucose","glycine",-0.000657059879810952,0.000738909680823691,"ns"
1,"Nubsella","glucose_ribose","SS","glucose","ribose",-0.000758724751858915,0.000651780980158446,"ns"
1,"Nubsella","succinate_benzoate","AA","succinate","benzoate",0.00323335153516293,0.0273865278384963,"ns"
1,"Nubsella","succinate_cellobiose","SA","succinate","cellobiose",-0.0061811674487064,0.0104696413629442,"ns"
1,"Nubsella","succinate_fructose","SA","succinate","fructose",-0.00595873155774318,0.0102992513694291,"ns"
1,"Nubsella","succinate_fumarate","AA","succinate","fumarate",-0.00963606793242266,0.00893813126968195,"ns"
1,"Nubsella","succinate_glutamine","AA","succinate","glutamine",-0.0107772917403607,0.0121048580831958,"ns"
1,"Nubsella","succinate_glycerol","SA","succinate","glycerol",-0.00688112600836252,0.0119128658996619,"ns"
1,"Nubsella","succinate_glycine","AA","succinate","glycine",0.021863540216525,0.0519038042609868,"ns"
1,"Nubsella","succinate_ribose","SA","succinate","ribose",-0.00701138844826432,0.0120541516121888,"ns"
1,"Ochrobactrum","glucose_benzoate","SA","glucose","benzoate",-0.000236626662078508,0.000203935501247833,"ns"
1,"Ochrobactrum","glucose_cellobiose","SS","glucose","cellobiose",-0.000168620300398433,0.000139503113129465,"ns"
1,"Ochrobactrum","glucose_fumarate","SA","glucose","fumarate",-0.000947888103250505,0.000300230944022681,"signif"
1,"Ochrobactrum","glucose_glutamine","SA","glucose","glutamine",0.000691184127815857,0.000929159918968835,"ns"
1,"Ochrobactrum","glucose_glycine","SA","glucose","glycine",-0.00467180406452414,0.00400490136230131,"ns"
1,"Ochrobactrum","glucose_ribose","SS","glucose","ribose",-0.000186692687121169,0.000162454229989002,"ns"
1,"Ochrobactrum","succinate_benzoate","AA","succinate","benzoate",-0.00840769853667376,0.00939566896514409,"ns"
1,"Ochrobactrum","succinate_cellobiose","SA","succinate","cellobiose",-0.0016749052123212,0.00784878965390121,"ns"
1,"Ochrobactrum","succinate_fructose","SA","succinate","fructose",0.00828619841770579,0.00998449332227753,"ns"
1,"Ochrobactrum","succinate_fumarate","AA","succinate","fumarate",0.00383044952377817,0.00690852629956932,"ns"
1,"Ochrobactrum","succinate_glutamine","AA","succinate","glutamine",-0.00252876490722127,0.00739246965788726,"ns"
1,"Ochrobactrum","succinate_glycerol","SA","succinate","glycerol",-0.00631446618893508,0.00758963599497083,"ns"
1,"Ochrobactrum","succinate_glycine","AA","succinate","glycine",-0.00990157819780589,0.00837751706442698,"ns"
1,"Ochrobactrum","succinate_ribose","SA","succinate","ribose",-0.0067107040460751,0.0076507236582369,"ns"
1,"Paenibacillus","glucose_fumarate","SA","glucose","fumarate",0.00216597809764336,0.000806558546058129,"signif"
1,"Paenibacillus","succinate_glycerol","SA","succinate","glycerol",0.000402016333333333,0.000193122399768472,"signif"
1,"Providencia","glucose_benzoate","SA","glucose","benzoate",-0.000417785395097832,0.00032512823715317,"ns"
1,"Providencia","glucose_fructose","SS","glucose","fructose",-0.000387588899692926,0.000201004010046134,"ns"
1,"Providencia","glucose_fumarate","SA","glucose","fumarate",-0.000316157977784742,0.000308624340621679,"ns"
1,"Providencia","glucose_glutamine","SA","glucose","glutamine",-0.000736534884917368,0.000873066346443601,"ns"
1,"Providencia","glucose_glycine","SA","glucose","glycine",-0.00098587739188546,0.00101992308867558,"ns"
1,"Providencia","glucose_ribose","SS","glucose","ribose",-0.00053078366047048,0.000342499796897911,"ns"
1,"Providencia","succinate_benzoate","AA","succinate","benzoate",-0.000625040007514943,0.00038480194004615,"ns"
1,"Providencia","succinate_cellobiose","SA","succinate","cellobiose",-0.000207230499099149,0.000160146450940378,"ns"
1,"Providencia","succinate_fructose","SA","succinate","fructose",-0.000490164841143457,0.000265090372637968,"ns"
1,"Providencia","succinate_fumarate","AA","succinate","fumarate",-0.000401202270862043,0.000345456321215436,"ns"
1,"Providencia","succinate_glutamine","AA","succinate","glutamine",0.00406821886551937,0.0069663346658587,"ns"
1,"Providencia","succinate_glycerol","SA","succinate","glycerol",-0.000233928014244792,0.000181393779596115,"ns"
1,"Providencia","succinate_glycine","AA","succinate","glycine",-0.001208430341433,0.00109719337030638,"ns"
1,"Providencia","succinate_ribose","SA","succinate","ribose",-0.000642617356159855,0.00040898510159293,"ns"
1,"Pseudomonas","glucose_benzoate","SA","glucose","benzoate",0.268606495825532,0.0594756376413695,"signif"
1,"Pseudomonas","glucose_cellobiose","SS","glucose","cellobiose",-0.00709051765837436,0.00891839609007733,"ns"
1,"Pseudomonas","glucose_fructose","SS","glucose","fructose",-0.00757304072199919,0.00868789853010687,"ns"
1,"Pseudomonas","glucose_fumarate","SA","glucose","fumarate",0.0580795693152805,0.0954186650409501,"ns"
1,"Pseudomonas","glucose_glutamine","SA","glucose","glutamine",-0.0855695753726663,0.101322957520516,"ns"
1,"Pseudomonas","glucose_glycerol","SS","glucose","glycerol",-0.0131800009240687,0.0105709036325244,"ns"
1,"Pseudomonas","glucose_glycine","SA","glucose","glycine",-0.195467319297612,0.0896841984224694,"ns"
1,"Pseudomonas","glucose_ribose","SS","glucose","ribose",0.0227081044352355,0.117348387951018,"ns"
1,"Pseudomonas","succinate_benzoate","AA","succinate","benzoate",0.296359383276767,0.18660742677902,"signif"
1,"Pseudomonas","succinate_cellobiose","SA","succinate","cellobiose",0.00290394179812342,0.110973241867625,"ns"
1,"Pseudomonas","succinate_fructose","SA","succinate","fructose",-0.0354860935937898,0.142588639552823,"ns"
1,"Pseudomonas","succinate_fumarate","AA","succinate","fumarate",-0.00655374351797721,0.116265839060806,"ns"
1,"Pseudomonas","succinate_glutamine","AA","succinate","glutamine",-0.0770325588312932,0.132501328798587,"ns"
1,"Pseudomonas","succinate_glycerol","SA","succinate","glycerol",-0.103359414222402,0.12718113885788,"ns"
1,"Pseudomonas","succinate_glycine","AA","succinate","glycine",-0.078483280495313,0.195878417257023,"ns"
1,"Pseudomonas","succinate_ribose","SA","succinate","ribose",-0.00440782125952742,0.137828563875049,"ns"
1,"Pseudoxanthomonas","succinate_fumarate","AA","succinate","fumarate",0.000164532829768949,0.000163091184971552,"ns"
1,"Pseudoxanthomonas","succinate_glycine","AA","succinate","glycine",-0.00043890810093793,0.000753343670529117,"ns"
1,"Raoultella","glucose_benzoate","SA","glucose","benzoate",-0.461026174820882,0.0624579761002143,"signif"
1,"Raoultella","glucose_cellobiose","SS","glucose","cellobiose",0.0396912128215798,0.0486729920813407,"ns"
1,"Raoultella","glucose_fructose","SS","glucose","fructose",0.050020524700075,0.0445736079901402,"ns"
1,"Raoultella","glucose_fumarate","SA","glucose","fumarate",-0.289435760563739,0.0273939862378224,"signif"
1,"Raoultella","glucose_glutamine","SA","glucose","glutamine",-0.0387255925885444,0.199806843229757,"ns"
1,"Raoultella","glucose_glycerol","SS","glucose","glycerol",0.357984487423011,0.077270170885662,"signif"
1,"Raoultella","glucose_glycine","SA","glucose","glycine",0.0859972522034027,0.155344769450247,"ns"
1,"Raoultella","glucose_ribose","SS","glucose","ribose",0.117825251108828,0.13058574433035,"ns"
1,"Raoultella","succinate_benzoate","AA","succinate","benzoate",-0.0195458325438821,0.0101156608077262,"signif"
1,"Raoultella","succinate_cellobiose","SA","succinate","cellobiose",0.0176854312255607,0.0840503643284125,"ns"
1,"Raoultella","succinate_fructose","SA","succinate","fructose",0.145056259663534,0.225239819428016,"ns"
1,"Raoultella","succinate_fumarate","AA","succinate","fumarate",0.00400686815919645,0.0155468631795571,"ns"
1,"Raoultella","succinate_glutamine","AA","succinate","glutamine",0.000302986487902868,0.00847838382848361,"ns"
1,"Raoultella","succinate_glycerol","SA","succinate","glycerol",0.336152868102612,0.0805539193990877,"signif"
1,"Raoultella","succinate_glycine","AA","succinate","glycine",-0.00960959581039862,0.00619522685762451,"ns"
1,"Raoultella","succinate_ribose","SA","succinate","ribose",-0.0468753851136785,0.0251574014302404,"signif"
1,"Rhizobium","glucose_benzoate","SA","glucose","benzoate",-0.000117580279989194,0.00010215199968033,"ns"
1,"Rhizobium","glucose_fumarate","SA","glucose","fumarate",-0.00193955172816168,0.00158533927775747,"signif"
1,"Rhizobium","glucose_glutamine","SA","glucose","glutamine",-0.0429190957890634,0.0259297352127026,"signif"
1,"Rhizobium","glucose_glycine","SA","glucose","glycine",-0.000144815211462556,0.000146841120288962,"ns"
1,"Rhizobium","succinate_benzoate","AA","succinate","benzoate",-0.0357028629414747,0.0363958247392362,"ns"
1,"Rhizobium","succinate_cellobiose","SA","succinate","cellobiose",-0.025087497030171,0.0259617958018636,"ns"
1,"Rhizobium","succinate_fructose","SA","succinate","fructose",-0.0245976752945614,0.0255993918198177,"ns"
1,"Rhizobium","succinate_fumarate","AA","succinate","fumarate",-0.0210344966675316,0.021208112478316,"ns"
1,"Rhizobium","succinate_glutamine","AA","succinate","glutamine",-0.0721423487663607,0.0360459407105934,"signif"
1,"Rhizobium","succinate_glycerol","SA","succinate","glycerol",-0.0282327136002809,0.0291621549538966,"ns"
1,"Rhizobium","succinate_glycine","AA","succinate","glycine",-0.0309212140063727,0.0307585511304236,"ns"
1,"Rhizobium","succinate_ribose","SA","succinate","ribose",-0.0287775038639318,0.0294908907098627,"ns"
1,"Rosenbergiella","glucose_benzoate","SA","glucose","benzoate",-0.107545973167646,0.0168564234038082,"signif"
1,"Rosenbergiella","glucose_cellobiose","SS","glucose","cellobiose",-0.0218251652626155,0.0368611730043822,"ns"
1,"Rosenbergiella","glucose_fructose","SS","glucose","fructose",-0.0471599454584166,0.0374980601542968,"ns"
1,"Rosenbergiella","glucose_fumarate","SA","glucose","fumarate",-0.0847558468587721,0.035222543814158,"signif"
1,"Rosenbergiella","glucose_glutamine","SA","glucose","glutamine",-0.0421992397010152,0.0416993551219041,"ns"
1,"Rosenbergiella","glucose_glycerol","SS","glucose","glycerol",-0.18507381432554,0.0565888489643431,"signif"
1,"Rosenbergiella","glucose_glycine","SA","glucose","glycine",0.0195771952134301,0.0538966918803508,"ns"
1,"Rosenbergiella","glucose_ribose","SS","glucose","ribose",-0.125111716139318,0.0944578413640016,"ns"
1,"Rosenbergiella","succinate_benzoate","AA","succinate","benzoate",-0.00174933412227871,0.00264309413935475,"ns"
1,"Rosenbergiella","succinate_cellobiose","SA","succinate","cellobiose",0.00316428132612475,0.00522404834761313,"ns"
1,"Rosenbergiella","succinate_fumarate","AA","succinate","fumarate",-0.0476735416529922,0.0146361630503157,"signif"
1,"Rosenbergiella","succinate_glutamine","AA","succinate","glutamine",-0.00122145605491321,0.00217261746063782,"ns"
1,"Rosenbergiella","succinate_glycerol","SA","succinate","glycerol",0.254742558607888,0.112362271728378,"signif"
1,"Rosenbergiella","succinate_glycine","AA","succinate","glycine",-0.00295763583019823,0.0032026084729986,"ns"
1,"Rosenbergiella","succinate_ribose","SA","succinate","ribose",0.244109271173015,0.122683924555087,"signif"
1,"Shinella","glucose_benzoate","SA","glucose","benzoate",-0.00149331467082701,0.00100480982785225,"signif"
1,"Shinella","glucose_cellobiose","SS","glucose","cellobiose",-0.000741640845961646,0.000336563869130851,"signif"
1,"Shinella","glucose_fructose","SS","glucose","fructose",-0.000937537052203158,0.000329001805521436,"signif"
1,"Shinella","glucose_fumarate","SA","glucose","fumarate",0.000206510751770058,0.00381567011336331,"ns"
1,"Shinella","glucose_glutamine","SA","glucose","glutamine",-0.000474247362218892,0.000629023569590865,"ns"
1,"Shinella","glucose_glycerol","SS","glucose","glycerol",-0.000632244740303742,0.000201054947626271,"signif"
1,"Shinella","glucose_glycine","SA","glucose","glycine",-0.0228835042336171,0.00676658928056322,"signif"
1,"Shinella","glucose_ribose","SS","glucose","ribose",-0.00637980780549264,0.00812164140212632,"ns"
1,"Shinella","succinate_benzoate","AA","succinate","benzoate",-0.101040958836259,0.11945652195693,"ns"
1,"Shinella","succinate_cellobiose","SA","succinate","cellobiose",-0.0711712706338916,0.0851749856145638,"ns"
1,"Shinella","succinate_fructose","SA","succinate","fructose",-0.0701744698762131,0.0838272454376978,"ns"
1,"Shinella","succinate_fumarate","AA","succinate","fumarate",-0.0474825946849635,0.0706046469392205,"ns"
1,"Shinella","succinate_glutamine","AA","succinate","glutamine",0.254773362903056,0.0961035270497984,"signif"
1,"Shinella","succinate_glycerol","SA","succinate","glycerol",-0.0798857442744645,0.0954217920429888,"ns"
1,"Shinella","succinate_glycine","AA","succinate","glycine",0.0171678177552025,0.13949242217959,"ns"
1,"Shinella","succinate_ribose","SA","succinate","ribose",-0.0866828390376028,0.0961578617698406,"ns"
1,"Sphingobacterium","glucose_benzoate","SA","glucose","benzoate",5.44441276243003e-05,0.000194136860551891,"ns"
1,"Sphingobacterium","glucose_fumarate","SA","glucose","fumarate",-0.0201286351086111,0.00829005069739154,"signif"
1,"Sphingobacterium","glucose_glutamine","SA","glucose","glutamine",-0.00322311962498803,0.00400647035790972,"ns"
1,"Sphingobacterium","glucose_glycine","SA","glucose","glycine",-0.00528491487993185,0.00903076455849444,"ns"
1,"Sphingobacterium","succinate_benzoate","AA","succinate","benzoate",-6.47254150267362e-05,0.000110425285742363,"ns"
1,"Sphingobacterium","succinate_fumarate","AA","succinate","fumarate",0.0117926782223855,0.00997637343425199,"ns"
1,"Sphingobacterium","succinate_glutamine","AA","succinate","glutamine",-0.00324368637070582,0.00415528024753808,"ns"
1,"Sphingobacterium","succinate_glycine","AA","succinate","glycine",-0.00571761331111029,0.0094744763822277,"ns"
1,"Stenotrophomonas","glucose_benzoate","SA","glucose","benzoate",-0.000561817837510711,0.000481857701363656,"ns"
1,"Stenotrophomonas","glucose_cellobiose","SS","glucose","cellobiose",-0.000349848335197353,0.000351173372516881,"ns"
1,"Stenotrophomonas","glucose_fructose","SS","glucose","fructose",-0.000338701784827895,0.000339499845664705,"ns"
1,"Stenotrophomonas","glucose_fumarate","SA","glucose","fumarate",0.001982088880663,0.00242055726572972,"ns"
1,"Stenotrophomonas","glucose_glutamine","SA","glucose","glutamine",0.00699266802018629,0.00829762372300876,"ns"
1,"Stenotrophomonas","glucose_glycerol","SS","glucose","glycerol",-0.000391085812892601,0.000392198398030707,"ns"
1,"Stenotrophomonas","glucose_glycine","SA","glucose","glycine",-0.00262276636314292,0.00313796814356378,"ns"
1,"Stenotrophomonas","glucose_ribose","SS","glucose","ribose",-0.000648369187931826,0.00042643467987517,"ns"
1,"Stenotrophomonas","succinate_benzoate","AA","succinate","benzoate",3.49943794515034e-05,0.0181958235429797,"ns"
1,"Stenotrophomonas","succinate_cellobiose","SA","succinate","cellobiose",-0.00733799147513139,0.0132517811047828,"ns"
1,"Stenotrophomonas","succinate_fructose","SA","succinate","fructose",-0.0059063938230768,0.015823931421359,"ns"
1,"Stenotrophomonas","succinate_fumarate","AA","succinate","fumarate",0.0147138082915069,0.0145857131553792,"ns"
1,"Stenotrophomonas","succinate_glutamine","AA","succinate","glutamine",-0.0219336578406289,0.0143290402517518,"ns"
1,"Stenotrophomonas","succinate_glycerol","SA","succinate","glycerol",-0.0209332565710161,0.0143599902655419,"signif"
1,"Stenotrophomonas","succinate_glycine","AA","succinate","glycine",-0.018701491547513,0.01509299590664,"ns"
1,"Stenotrophomonas","succinate_ribose","SA","succinate","ribose",-0.0197427288508783,0.0144774044633297,"signif"
1,"Taibaiella","glucose_fumarate","SA","glucose","fumarate",-0.00832717190183959,0.0141949387957522,"ns"
1,"Taibaiella","glucose_glycine","SA","glucose","glycine",-0.000285467474949828,0.000286723237203209,"ns"
1,"Taibaiella","succinate_fumarate","AA","succinate","fumarate",0.00517378410568162,0.0307164967949985,"ns"
2,"Achromobacter","glucose_fumarate","SA","glucose","fumarate",-0.00121231180613799,0.000460261521559602,"signif"
2,"Achromobacter","glucose_glycine","SA","glucose","glycine",-0.0117699265073219,0.0133051725096182,"ns"
2,"Achromobacter","succinate_fumarate","AA","succinate","fumarate",0.000567600585171333,0.00354203424004883,"ns"
2,"Achromobacter","succinate_glycine","AA","succinate","glycine",-0.0112337168114876,0.0121727666156084,"ns"
2,"Acinetobacter","glucose_benzoate","SA","glucose","benzoate",-0.0544012413700324,0.0886983656087052,"ns"
2,"Acinetobacter","glucose_cellobiose","SS","glucose","cellobiose",-0.00160237770533142,0.0010663651495891,"ns"
2,"Acinetobacter","glucose_fructose","SS","glucose","fructose",-0.000326890716326483,0.00108992726174672,"ns"
2,"Acinetobacter","glucose_fumarate","SA","glucose","fumarate",0.204258212914165,0.0356152462423149,"signif"
2,"Acinetobacter","glucose_glutamine","SA","glucose","glutamine",-0.245915233200994,0.0200089798428071,"signif"
2,"Acinetobacter","glucose_glycerol","SS","glucose","glycerol",0.0024275440871208,0.00206497066554126,"ns"
2,"Acinetobacter","glucose_glycine","SA","glucose","glycine",0.000832969985915298,0.00189029581242284,"ns"
2,"Acinetobacter","glucose_ribose","SS","glucose","ribose",0.000649069751156887,0.00213697763280217,"ns"
2,"Acinetobacter","succinate_benzoate","AA","succinate","benzoate",-0.29062978725424,0.0922394077685969,"signif"
2,"Acinetobacter","succinate_cellobiose","SA","succinate","cellobiose",-0.190054003994011,0.038576268146086,"signif"
2,"Acinetobacter","succinate_fructose","SA","succinate","fructose",-0.185475326148894,0.0384102783178527,"signif"
2,"Acinetobacter","succinate_fumarate","AA","succinate","fumarate",0.234758912623741,0.276314378825287,"ns"
2,"Acinetobacter","succinate_glutamine","AA","succinate","glutamine",-0.0667317414700183,0.08803866185064,"ns"
2,"Acinetobacter","succinate_glycerol","SA","succinate","glycerol",-0.202574692542036,0.0392774223938522,"signif"
2,"Acinetobacter","succinate_glycine","AA","succinate","glycine",0.313929561502551,0.0428977745955543,"signif"
2,"Acinetobacter","succinate_ribose","SA","succinate","ribose",-0.188636886657343,0.0390204626703305,"signif"
2,"Aeromonas","glucose_benzoate","SA","glucose","benzoate",8.93175804131172e-05,0.000286927550439213,"ns"
2,"Aeromonas","glucose_glutamine","SA","glucose","glutamine",0.000342076431665529,0.000738272315307531,"ns"
2,"Aeromonas","succinate_benzoate","AA","succinate","benzoate",0.00115407293037559,0.000623703661251584,"signif"
2,"Aeromonas","succinate_cellobiose","SA","succinate","cellobiose",-0.000206633951268691,8.17497947473595e-05,"signif"
2,"Aeromonas","succinate_fructose","SA","succinate","fructose",0.000577601245809634,0.000495772757065178,"ns"
2,"Aeromonas","succinate_fumarate","AA","succinate","fumarate",0.000213465608757183,0.0004492913179775,"ns"
2,"Aeromonas","succinate_glutamine","AA","succinate","glutamine",7.27465648210642e-05,0.000713080510604935,"ns"
2,"Aeromonas","succinate_glycerol","SA","succinate","glycerol",-0.000203139430602888,7.42942419085977e-05,"signif"
2,"Aeromonas","succinate_glycine","AA","succinate","glycine",6.28126063628984e-05,0.000492566764185896,"ns"
2,"Aeromonas","succinate_ribose","SA","succinate","ribose",5.25974174868813e-05,0.000440535156948469,"ns"
2,"Azomonas","glucose_benzoate","SA","glucose","benzoate",0.00274242317947258,0.00480598211776181,"ns"
2,"Azomonas","glucose_cellobiose","SS","glucose","cellobiose",-8.3283676865834e-05,0.000487256150468697,"ns"
2,"Azomonas","glucose_fructose","SS","glucose","fructose",-8.08373777561353e-05,0.000170513693982779,"ns"
2,"Azomonas","glucose_fumarate","SA","glucose","fumarate",-0.152423199666877,0.126109557038777,"ns"
2,"Azomonas","glucose_glutamine","SA","glucose","glutamine",0.000170223241092376,0.00018607542590044,"ns"
2,"Azomonas","glucose_glycerol","SS","glucose","glycerol",0.000489232902035884,0.000725556033359153,"ns"
2,"Azomonas","glucose_ribose","SS","glucose","ribose",0.000461396489659941,0.000691097496439179,"ns"
2,"Azomonas","succinate_benzoate","AA","succinate","benzoate",-0.00441152007226321,0.00430735647212291,"ns"
2,"Azomonas","succinate_cellobiose","SA","succinate","cellobiose",-0.00315783928181632,0.00303856798350477,"ns"
2,"Azomonas","succinate_fructose","SA","succinate","fructose",-0.00216284594673809,0.00308782037202039,"ns"
2,"Azomonas","succinate_fumarate","AA","succinate","fumarate",-0.0528062436324758,0.190887242994762,"ns"
2,"Azomonas","succinate_glutamine","AA","succinate","glutamine",-0.00337065242874338,0.00308634854530166,"ns"
2,"Azomonas","succinate_glycerol","SA","succinate","glycerol",0.00456403882169569,0.0139347447813802,"ns"
2,"Azomonas","succinate_glycine","AA","succinate","glycine",-0.00243544817192618,0.00349961263017151,"ns"
2,"Azomonas","succinate_ribose","SA","succinate","ribose",-0.00294073457322864,0.00314399894050135,"ns"
2,"Azospirillum","glucose_fumarate","SA","glucose","fumarate",-0.00214961274475775,0.00241652688980603,"ns"
2,"Azospirillum","succinate_fumarate","AA","succinate","fumarate",-0.00183815853465919,0.00233493266999558,"ns"
2,"Brucella","glucose_fumarate","SA","glucose","fumarate",-0.000511764160064208,0.000229358196930677,"signif"
2,"Brucella","glucose_glycine","SA","glucose","glycine",-0.000333607327587841,0.00024356737577498,"ns"
2,"Brucella","succinate_fumarate","AA","succinate","fumarate",-0.000493342242563378,0.000223919263559323,"signif"
2,"Brucella","succinate_glycine","AA","succinate","glycine",-0.000318124260866708,0.000234636742698041,"ns"
2,"Citrobacter","glucose_benzoate","SA","glucose","benzoate",0.00140476310533506,0.00723910887633666,"ns"
2,"Citrobacter","glucose_cellobiose","SS","glucose","cellobiose",0.00917221433486343,0.0206725617227503,"ns"
2,"Citrobacter","glucose_fructose","SS","glucose","fructose",-0.0235089676092027,0.0208142928488619,"ns"
2,"Citrobacter","glucose_fumarate","SA","glucose","fumarate",-0.00216227362428266,0.00248339303919887,"ns"
2,"Citrobacter","glucose_glutamine","SA","glucose","glutamine",0.079707949422488,0.0662482606728942,"ns"
2,"Citrobacter","glucose_glycerol","SS","glucose","glycerol",-0.0122785597081777,0.014065314845728,"ns"
2,"Citrobacter","glucose_glycine","SA","glucose","glycine",-0.00170162293356795,0.00407967161763557,"ns"
2,"Citrobacter","glucose_ribose","SS","glucose","ribose",-0.0019189078010617,0.00337739405359307,"ns"
2,"Citrobacter","succinate_benzoate","AA","succinate","benzoate",-0.000985866989542843,0.000801754471548404,"ns"
2,"Citrobacter","succinate_cellobiose","SA","succinate","cellobiose",0.0019100595859505,0.00615010062038853,"ns"
2,"Citrobacter","succinate_fructose","SA","succinate","fructose",-0.0181590833716684,0.0206317490122752,"ns"
2,"Citrobacter","succinate_fumarate","AA","succinate","fumarate",-0.000231103818998185,0.00119972180419186,"ns"
2,"Citrobacter","succinate_glutamine","AA","succinate","glutamine",0.00165810554665159,0.00358462800586666,"ns"
2,"Citrobacter","succinate_glycerol","SA","succinate","glycerol",0.0147234091601207,0.0249566555074256,"ns"
2,"Citrobacter","succinate_glycine","AA","succinate","glycine",-0.000619629923617339,0.00113710948565087,"ns"
2,"Citrobacter","succinate_ribose","SA","succinate","ribose",8.21244490427641e-05,0.00187869720039809,"ns"
2,"Clostridium_sensu_stricto_3","glucose_fumarate","SA","glucose","fumarate",-0.000243277196263046,0.000453400515234242,"ns"
2,"Clostridium_sensu_stricto_3","succinate_benzoate","AA","succinate","benzoate",0.00113646925,0.000630924611753457,"signif"
2,"Clostridium_sensu_stricto_3","succinate_fumarate","AA","succinate","fumarate",0.000407082298035146,0.00146885083950251,"ns"
2,"Comamonadaceae.1","glucose_fumarate","SA","glucose","fumarate",0.000904553206599091,0.00193075539085631,"ns"
2,"Comamonadaceae.1","glucose_glutamine","SA","glucose","glutamine",-0.00199480541414409,0.00264196488158589,"ns"
2,"Comamonadaceae.1","succinate_benzoate","AA","succinate","benzoate",0.0219677867478387,0.0387411308511187,"ns"
2,"Comamonadaceae.1","succinate_fumarate","AA","succinate","fumarate",0.00198356327248842,0.00292050999274498,"ns"
2,"Comamonadaceae.1","succinate_glutamine","AA","succinate","glutamine",2.65959630976527e-05,0.00350205764172567,"ns"
2,"Comamonadaceae.1","succinate_glycine","AA","succinate","glycine",0.0108286073776824,0.0111341990044879,"ns"
2,"Comamonas","glucose_benzoate","SA","glucose","benzoate",-0.000316473858039447,0.000302160119584681,"ns"
2,"Comamonas","glucose_fumarate","SA","glucose","fumarate",-0.00110067332831152,0.000749283121639995,"signif"
2,"Comamonas","glucose_glutamine","SA","glucose","glutamine",-0.0127443671839469,0.0213272223433196,"ns"
2,"Comamonas","glucose_glycine","SA","glucose","glycine",-0.000398259557682779,0.000643300138887849,"ns"
2,"Comamonas","succinate_benzoate","AA","succinate","benzoate",0.0022868550391744,0.00731748868835864,"ns"
2,"Comamonas","succinate_cellobiose","SA","succinate","cellobiose",-0.00332663613555807,0.00278008356514484,"ns"
2,"Comamonas","succinate_fructose","SA","succinate","fructose",-0.00297911885385203,0.00281775553659678,"ns"
2,"Comamonas","succinate_fumarate","AA","succinate","fumarate",-0.00177482275346317,0.00325533336012837,"ns"
2,"Comamonas","succinate_glutamine","AA","succinate","glutamine",-0.0142844899253524,0.0206427220765601,"ns"
2,"Comamonas","succinate_glycerol","SA","succinate","glycerol",-0.00344643109246823,0.00302329503870541,"ns"
2,"Comamonas","succinate_glycine","AA","succinate","glycine",0.00137076580275346,0.00754848846992249,"ns"
2,"Comamonas","succinate_ribose","SA","succinate","ribose",-0.00322043031097132,0.00285678009051157,"ns"
2,"Delftia","glucose_fumarate","SA","glucose","fumarate",-0.00101188499743584,0.0021499379638343,"ns"
2,"Delftia","succinate_fumarate","AA","succinate","fumarate",-4.85002321798117e-05,0.00234433324737866,"ns"
2,"Delftia","succinate_ribose","SA","succinate","ribose",0.00017192244261205,0.000298987618183053,"ns"
2,"Empedobacter","succinate_benzoate","AA","succinate","benzoate",-0.0103589576831277,0.018071390236447,"ns"
2,"Enterobacteriaceae.8","glucose_benzoate","SA","glucose","benzoate",-0.0531428161137527,0.29665065833484,"ns"
2,"Enterobacteriaceae.8","glucose_cellobiose","SS","glucose","cellobiose",-0.213624671531496,0.356722243365032,"ns"
2,"Enterobacteriaceae.8","glucose_fructose","SS","glucose","fructose",-0.15895712226207,0.217894905597629,"ns"
2,"Enterobacteriaceae.8","glucose_fumarate","SA","glucose","fumarate",0.234206316835497,0.163509837596864,"ns"
2,"Enterobacteriaceae.8","glucose_glutamine","SA","glucose","glutamine",-0.121484276409644,0.190368199510885,"ns"
2,"Enterobacteriaceae.8","glucose_glycerol","SS","glucose","glycerol",-0.31012921660974,0.284816005714952,"ns"
2,"Enterobacteriaceae.8","glucose_glycine","SA","glucose","glycine",-0.0884156402299124,0.230369481745232,"ns"
2,"Enterobacteriaceae.8","glucose_ribose","SS","glucose","ribose",-0.109357745073069,0.234917991861206,"ns"
2,"Enterobacteriaceae.8","succinate_benzoate","AA","succinate","benzoate",0.0141065483306439,0.00806295957684769,"signif"
2,"Enterobacteriaceae.8","succinate_cellobiose","SA","succinate","cellobiose",-0.0818189969771521,0.235177250916576,"ns"
2,"Enterobacteriaceae.8","succinate_fructose","SA","succinate","fructose",-0.0319247443780199,0.105085250381441,"ns"
2,"Enterobacteriaceae.8","succinate_fumarate","AA","succinate","fumarate",-0.0174066091619094,0.0404322968461418,"ns"
2,"Enterobacteriaceae.8","succinate_glutamine","AA","succinate","glutamine",0.00371730033965621,0.00645414790643531,"ns"
2,"Enterobacteriaceae.8","succinate_glycerol","SA","succinate","glycerol",-0.0140498151268101,0.291796638848863,"ns"
2,"Enterobacteriaceae.8","succinate_glycine","AA","succinate","glycine",0.00384613473989607,0.00540328359836583,"ns"
2,"Enterobacteriaceae.8","succinate_ribose","SA","succinate","ribose",0.0110811783752695,0.0118461621776168,"ns"
2,"Flavobacterium","glucose_benzoate","SA","glucose","benzoate",-0.000919166768718067,0.00100204593414904,"ns"
2,"Flavobacterium","glucose_fructose","SS","glucose","fructose",-0.000158275346831171,0.00013036657524709,"ns"
2,"Flavobacterium","glucose_fumarate","SA","glucose","fumarate",-0.0414497575703259,0.0301533255098551,"signif"
2,"Flavobacterium","glucose_glutamine","SA","glucose","glutamine",-0.00764202757021226,0.00996917696837748,"ns"
2,"Flavobacterium","glucose_glycerol","SS","glucose","glycerol",-9.36378286206213e-05,0.000241823641312151,"ns"
2,"Flavobacterium","glucose_glycine","SA","glucose","glycine",-0.0554936214128343,0.00270333626147328,"signif"
2,"Flavobacterium","succinate_benzoate","AA","succinate","benzoate",0.0829418144167628,0.0339726285873085,"signif"
2,"Flavobacterium","succinate_cellobiose","SA","succinate","cellobiose",-0.000280920852711126,0.000403234254936606,"ns"
2,"Flavobacterium","succinate_fructose","SA","succinate","fructose",-0.000309022905165471,0.000389550566611446,"ns"
2,"Flavobacterium","succinate_fumarate","AA","succinate","fumarate",0.0443918652983334,0.0688985927818173,"ns"
2,"Flavobacterium","succinate_glutamine","AA","succinate","glutamine",-0.0043478000745842,0.010038233700973,"ns"
2,"Flavobacterium","succinate_glycerol","SA","succinate","glycerol",-0.00025434585142971,0.000428226931001224,"ns"
2,"Flavobacterium","succinate_glycine","AA","succinate","glycine",-0.016119757430779,0.0252100728734951,"ns"
2,"Flavobacterium","succinate_ribose","SA","succinate","ribose",-0.000236719209102171,0.00040480270955634,"ns"
2,"Klebsiella","glucose_benzoate","SA","glucose","benzoate",-0.271403956211691,0.291893521445049,"ns"
2,"Klebsiella","glucose_cellobiose","SS","glucose","cellobiose",0.159806355811077,0.366649862676863,"ns"
2,"Klebsiella","glucose_fructose","SS","glucose","fructose",0.0521373920792958,0.454577299497393,"ns"
2,"Klebsiella","glucose_fumarate","SA","glucose","fumarate",-0.23169247521041,0.155318935547316,"signif"
2,"Klebsiella","glucose_glutamine","SA","glucose","glutamine",-0.0124988148394061,0.396537132558895,"ns"
2,"Klebsiella","glucose_glycerol","SS","glucose","glycerol",0.334988368998721,0.269083504333587,"ns"
2,"Klebsiella","glucose_glycine","SA","glucose","glycine",0.521605308512329,0.211671618252345,"ns"
2,"Klebsiella","glucose_ribose","SS","glucose","ribose",0.107408469724154,0.218984926216419,"ns"
2,"Klebsiella","succinate_benzoate","AA","succinate","benzoate",-0.014876442675424,0.0289914314081768,"ns"
2,"Klebsiella","succinate_cellobiose","SA","succinate","cellobiose",0.161487973324608,0.264671386330801,"ns"
2,"Klebsiella","succinate_fructose","SA","succinate","fructose",0.213251910085794,0.385125221747068,"ns"
2,"Klebsiella","succinate_fumarate","AA","succinate","fumarate",-0.0129091319262748,0.0177869811434956,"ns"
2,"Klebsiella","succinate_glutamine","AA","succinate","glutamine",0.012470377422157,0.0228871957832418,"ns"
2,"Klebsiella","succinate_glycerol","SA","succinate","glycerol",0.166036652300723,0.460482290941074,"ns"
2,"Klebsiella","succinate_glycine","AA","succinate","glycine",0.0157944985779408,0.0422841683375688,"ns"
2,"Klebsiella","succinate_ribose","SA","succinate","ribose",0.106845310568769,0.193462610543482,"ns"
2,"Lachnoclostridium","succinate_cellobiose","SA","succinate","cellobiose",-0.000283395342324548,0.00836919467730798,"ns"
2,"Lachnoclostridium","succinate_fructose","SA","succinate","fructose",-9.03955223151809e-05,0.000486932252721976,"ns"
2,"Lachnoclostridium_5","glucose_benzoate","SA","glucose","benzoate",0.0033597320721853,0.00228170133132081,"ns"
2,"Lachnoclostridium_5","glucose_cellobiose","SS","glucose","cellobiose",-0.0104148239779933,0.00893376613613888,"ns"
2,"Lachnoclostridium_5","glucose_fumarate","SA","glucose","fumarate",0.00295897568209552,0.00221400114400494,"ns"
2,"Lachnoclostridium_5","glucose_glutamine","SA","glucose","glutamine",0.00222726535364574,0.00144060514845584,"signif"
2,"Lachnoclostridium_5","glucose_glycine","SA","glucose","glycine",0.00162854603730607,0.00206259426217352,"ns"
2,"Lachnoclostridium_5","succinate_benzoate","AA","succinate","benzoate",0.00513727325767232,0.00255605541565784,"signif"
2,"Lachnoclostridium_5","succinate_cellobiose","SA","succinate","cellobiose",-0.00515889055245204,0.00877507911603046,"ns"
2,"Lachnoclostridium_5","succinate_fructose","SA","succinate","fructose",-0.000513014440381845,9.72990663588919e-05,"signif"
2,"Lachnoclostridium_5","succinate_fumarate","AA","succinate","fumarate",0.00341500087096139,0.00715929331866294,"ns"
2,"Lachnoclostridium_5","succinate_glutamine","AA","succinate","glutamine",0.000627149189666972,0.000709903582793786,"ns"
2,"Lachnoclostridium_5","succinate_glycerol","SA","succinate","glycerol",-0.000528346333977534,0.000108891274032806,"signif"
2,"Lachnoclostridium_5","succinate_glycine","AA","succinate","glycine",-0.000707698106757729,0.00180842292107242,"ns"
2,"Lachnoclostridium_5","succinate_ribose","SA","succinate","ribose",-0.000497988279930954,0.000106224692051113,"signif"
2,"Lachnospiraceae.5","glucose_benzoate","SA","glucose","benzoate",0.000724881768314962,0.00149684222903411,"ns"
2,"Lachnospiraceae.5","glucose_fumarate","SA","glucose","fumarate",-4.23980506004883e-05,0.000969351689270245,"ns"
2,"Lachnospiraceae.5","succinate_benzoate","AA","succinate","benzoate",0.00160109164099677,0.00277481143308856,"ns"
2,"Lachnospiraceae.5","succinate_fumarate","AA","succinate","fumarate",-0.000341948978487502,0.000705146658659426,"ns"
2,"Lachnospiraceae.5","succinate_glutamine","AA","succinate","glutamine",-4.80382157579197e-05,0.000204066718076049,"ns"
2,"Ochrobactrum","succinate_glutamine","AA","succinate","glutamine",0.005728732,0.00809144059015109,"ns"
2,"Ochrobactrum","succinate_glycine","AA","succinate","glycine",5.09607278770319e-05,0.00506647124307381,"ns"
2,"Pectobacterium","glucose_benzoate","SA","glucose","benzoate",0.0307486299970854,0.0270996425688773,"ns"
2,"Pectobacterium","glucose_cellobiose","SS","glucose","cellobiose",-0.0282908083037683,0.0374599760149437,"ns"
2,"Pectobacterium","glucose_fructose","SS","glucose","fructose",-0.0146763165974098,0.0306264608648414,"ns"
2,"Pectobacterium","glucose_fumarate","SA","glucose","fumarate",0.0204571491568933,0.0356941895197016,"ns"
2,"Pectobacterium","glucose_glutamine","SA","glucose","glutamine",0.122528271657884,0.0504591607115196,"signif"
2,"Pectobacterium","glucose_glycerol","SS","glucose","glycerol",-0.00285133663912056,0.00570398420362655,"ns"
2,"Pectobacterium","glucose_glycine","SA","glucose","glycine",-0.00264797667452647,0.0055152739683692,"ns"
2,"Pectobacterium","glucose_ribose","SS","glucose","ribose",-0.0280050033738539,0.0145874203548044,"signif"
2,"Pectobacterium","succinate_benzoate","AA","succinate","benzoate",0.00178358751826944,0.00162362611048147,"ns"
2,"Pectobacterium","succinate_cellobiose","SA","succinate","cellobiose",0.304530041496439,0.0663395823467066,"signif"
2,"Pectobacterium","succinate_fructose","SA","succinate","fructose",0.232688300021952,0.0828279239613032,"signif"
2,"Pectobacterium","succinate_fumarate","AA","succinate","fumarate",0.0151881288651215,0.0176275288572861,"ns"
2,"Pectobacterium","succinate_glutamine","AA","succinate","glutamine",0.0414736241916845,0.0515086272351827,"ns"
2,"Pectobacterium","succinate_glycerol","SA","succinate","glycerol",0.150528439096908,0.0506089633147082,"signif"
2,"Pectobacterium","succinate_glycine","AA","succinate","glycine",0.0368399423729606,0.0529476502016459,"ns"
2,"Pectobacterium","succinate_ribose","SA","succinate","ribose",0.251600607634245,0.201649053586041,"ns"
2,"Pseudochrobactrum","glucose_glutamine","SA","glucose","glutamine",-0.00305411670255441,0.00330421749645243,"ns"
2,"Pseudochrobactrum","glucose_glycine","SA","glucose","glycine",-0.0153586799454296,0.0030245684833594,"signif"
2,"Pseudochrobactrum","succinate_benzoate","AA","succinate","benzoate",0.00979466401455702,0.0159851001070704,"ns"
2,"Pseudochrobactrum","succinate_fumarate","AA","succinate","fumarate",0.00164664090819611,0.0022562933592607,"ns"
2,"Pseudochrobactrum","succinate_glutamine","AA","succinate","glutamine",0.0114794572453784,0.00558195755180803,"signif"
2,"Pseudochrobactrum","succinate_glycine","AA","succinate","glycine",-0.0120351365070579,0.00323688617488834,"signif"
2,"Pseudomonas","glucose_benzoate","SA","glucose","benzoate",0.172757975435372,0.126027463675604,"ns"
2,"Pseudomonas","glucose_cellobiose","SS","glucose","cellobiose",0.00181807852339219,0.00305692031699083,"ns"
2,"Pseudomonas","glucose_fructose","SS","glucose","fructose",0.0814583541622603,0.156402182199683,"ns"
2,"Pseudomonas","glucose_fumarate","SA","glucose","fumarate",-0.0369168102667371,0.165566349643241,"ns"
2,"Pseudomonas","glucose_glutamine","SA","glucose","glutamine",-0.0796861490866325,0.0442614274503561,"signif"
2,"Pseudomonas","glucose_glycerol","SS","glucose","glycerol",0.0037156934277059,0.00247983708238725,"signif"
2,"Pseudomonas","glucose_glycine","SA","glucose","glycine",-0.335181959654628,0.0314886786346969,"signif"
2,"Pseudomonas","glucose_ribose","SS","glucose","ribose",0.00444403807330415,0.00557779567029627,"ns"
2,"Pseudomonas","succinate_benzoate","AA","succinate","benzoate",0.356756801713498,0.1131727778958,"signif"
2,"Pseudomonas","succinate_cellobiose","SA","succinate","cellobiose",-0.0388060954063082,0.0614263044898059,"ns"
2,"Pseudomonas","succinate_fructose","SA","succinate","fructose",0.0181245441910801,0.0550895215509081,"ns"
2,"Pseudomonas","succinate_fumarate","AA","succinate","fumarate",-0.0679872928994359,0.159349619468619,"ns"
2,"Pseudomonas","succinate_glutamine","AA","succinate","glutamine",0.0944717181383897,0.0762348165520557,"ns"
2,"Pseudomonas","succinate_glycerol","SA","succinate","glycerol",-0.0998461826452759,0.0504110237355907,"signif"
2,"Pseudomonas","succinate_glycine","AA","succinate","glycine",-0.196927350797615,0.0670424862103259,"signif"
2,"Pseudomonas","succinate_ribose","SA","succinate","ribose",0.00797138429635576,0.04989842738535,"ns"
2,"Raoultella","glucose_benzoate","SA","glucose","benzoate",0.00365269662791624,0.0136693946391448,"ns"
2,"Raoultella","glucose_cellobiose","SS","glucose","cellobiose",0.0847097223528358,0.170776979337701,"ns"
2,"Raoultella","glucose_fructose","SS","glucose","fructose",0.0468536607098768,0.427611300457451,"ns"
2,"Raoultella","glucose_fumarate","SA","glucose","fumarate",0.00634922074593338,0.0205346354804801,"ns"
2,"Raoultella","glucose_glutamine","SA","glucose","glutamine",0.4106684347076,0.309036141159325,"signif"
2,"Raoultella","glucose_glycerol","SS","glucose","glycerol",-0.032377639180255,0.0742820251341909,"ns"
2,"Raoultella","glucose_glycine","SA","glucose","glycine",-0.00328305541791234,0.00810459582608053,"ns"
2,"Raoultella","glucose_ribose","SS","glucose","ribose",0.00387015335772966,0.0282573869294628,"ns"
2,"Raoultella","succinate_benzoate","AA","succinate","benzoate",-0.00247745053968305,0.00667812032068962,"ns"
2,"Raoultella","succinate_cellobiose","SA","succinate","cellobiose",0.0195465060159436,0.0659441952919972,"ns"
2,"Raoultella","succinate_fructose","SA","succinate","fructose",-0.0589230194493419,0.301654866616956,"ns"
2,"Raoultella","succinate_fumarate","AA","succinate","fumarate",0.00698792171276928,0.0198445967405412,"ns"
2,"Raoultella","succinate_glutamine","AA","succinate","glutamine",0.0162925272134763,0.0213796660316445,"ns"
2,"Raoultella","succinate_glycerol","SA","succinate","glycerol",0.155049315287287,0.238382208970356,"ns"
2,"Raoultella","succinate_glycine","AA","succinate","glycine",0.000327715679065252,0.00615861520238367,"ns"
2,"Raoultella","succinate_ribose","SA","succinate","ribose",-0.016013255365469,0.00980992272334021,"ns"
2,"Rhizobium","glucose_fumarate","SA","glucose","fumarate",-0.000761903458344159,0.00037721804326364,"signif"
2,"Rhizobium","glucose_glutamine","SA","glucose","glutamine",-0.000721371800889308,0.00141066742889049,"ns"
2,"Rhizobium","succinate_benzoate","AA","succinate","benzoate",0.00242282756801304,0.00319720138957462,"ns"
2,"Rhizobium","succinate_fumarate","AA","succinate","fumarate",0.0182989993358934,0.014907991315798,"signif"
2,"Rhizobium","succinate_glutamine","AA","succinate","glutamine",0.008717448604569,0.00574280243941959,"signif"
2,"Rhizobium","succinate_glycine","AA","succinate","glycine",0.0383953853404348,0.00836223231881248,"signif"
2,"Rosenbergiella","glucose_ribose","SS","glucose","ribose",-7.10751086360343e-05,0.00205056074639091,"ns"
2,"Rosenbergiella","succinate_ribose","SA","succinate","ribose",0.000763611528300332,0.00191839823076081,"ns"
2,"Salmonella","glucose_fructose","SS","glucose","fructose",0.00593195226836828,0.00874616386483284,"ns"
2,"Salmonella","glucose_fumarate","SA","glucose","fumarate",0.00757906609975319,0.0440989014325569,"ns"
2,"Salmonella","succinate_fumarate","AA","succinate","fumarate",-0.0480999660528945,0.0314429136658295,"signif"
2,"Salmonella","succinate_glycerol","SA","succinate","glycerol",0.00356720776543388,0.00371095241032394,"ns"
2,"Shinella","glucose_benzoate","SA","glucose","benzoate",0.000635081039762784,0.00151698736851809,"ns"
2,"Shinella","glucose_cellobiose","SS","glucose","cellobiose",-0.000205312333409976,0.000139881811228628,"ns"
2,"Shinella","glucose_fructose","SS","glucose","fructose",-0.00017924789453739,0.000327900277110686,"ns"
2,"Shinella","glucose_fumarate","SA","glucose","fumarate",-0.000110907124320521,0.000748661305171214,"ns"
2,"Shinella","glucose_glutamine","SA","glucose","glutamine",-0.13454383478673,0.0261779349029083,"signif"
2,"Shinella","glucose_glycerol","SS","glucose","glycerol",0.000124722219883128,0.000251162132470155,"ns"
2,"Shinella","glucose_glycine","SA","glucose","glycine",0.00036611780102416,0.000473649705789894,"ns"
2,"Shinella","glucose_ribose","SS","glucose","ribose",9.60703414718733e-05,0.000318524562838466,"ns"
2,"Shinella","succinate_benzoate","AA","succinate","benzoate",-0.224006583987158,0.0433607803449369,"signif"
2,"Shinella","succinate_cellobiose","SA","succinate","cellobiose",-0.165563571642149,0.0192161119345263,"signif"
2,"Shinella","succinate_fructose","SA","succinate","fructose",-0.164947542413154,0.0194938891745651,"signif"
2,"Shinella","succinate_fumarate","AA","succinate","fumarate",-0.135677680224041,0.0151190539751415,"signif"
2,"Shinella","succinate_glutamine","AA","succinate","glutamine",-0.108141636021956,0.0964869429612628,"ns"
2,"Shinella","succinate_glycerol","SA","succinate","glycerol",-0.17750480300057,0.0211744440270399,"signif"
2,"Shinella","succinate_glycine","AA","succinate","glycine",-0.167441705033277,0.0285111209083615,"signif"
2,"Shinella","succinate_ribose","SA","succinate","ribose",-0.16730521802575,0.0190897240685671,"signif"
2,"Sphingobacterium","glucose_benzoate","SA","glucose","benzoate",0.0913507997169601,0.125931590407335,"ns"
2,"Sphingobacterium","glucose_fructose","SS","glucose","fructose",0.0004406785,0.000277016187201518,"signif"
2,"Sphingobacterium","glucose_fumarate","SA","glucose","fumarate",-0.00715278115018705,0.0059504936118878,"ns"
2,"Sphingobacterium","glucose_glutamine","SA","glucose","glutamine",0.0001714083488641,0.000375015168504516,"ns"
2,"Sphingobacterium","glucose_glycerol","SS","glucose","glycerol",0.000371092,0.000251230471637764,"signif"
2,"Sphingobacterium","glucose_glycine","SA","glucose","glycine",-0.0121879821337412,0.0113556298096291,"ns"
2,"Sphingobacterium","succinate_benzoate","AA","succinate","benzoate",0.0402648385297942,0.0199223935436193,"signif"
2,"Sphingobacterium","succinate_cellobiose","SA","succinate","cellobiose",0.000340167666666667,5.35625165235291e-05,"signif"
2,"Sphingobacterium","succinate_fructose","SA","succinate","fructose",0.00171630025,0.00142218269205082,"signif"
2,"Sphingobacterium","succinate_fumarate","AA","succinate","fumarate",0.00658528734270103,0.0123187259526023,"ns"
2,"Sphingobacterium","succinate_glutamine","AA","succinate","glutamine",-3.24861789810096e-05,0.000194978147426114,"ns"
2,"Sphingobacterium","succinate_glycine","AA","succinate","glycine",-0.0115846010748035,0.0111721015445333,"ns"
2,"Stenotrophomonas","glucose_benzoate","SA","glucose","benzoate",0.00044067175,0.000297018522439679,"signif"
2,"Stenotrophomonas","glucose_fumarate","SA","glucose","fumarate",0.0055625281510283,0.00680603247687567,"ns"
2,"Stenotrophomonas","glucose_glycerol","SS","glucose","glycerol",0.000247403666666667,0.000193111591444774,"ns"
2,"Stenotrophomonas","glucose_glycine","SA","glucose","glycine",-0.00192946130345718,0.000519073526188248,"signif"
2,"Stenotrophomonas","glucose_ribose","SS","glucose","ribose",0.000230096750580315,0.000201606957064496,"ns"
2,"Stenotrophomonas","succinate_benzoate","AA","succinate","benzoate",0.00363344912795371,0.00199114186817251,"signif"
2,"Stenotrophomonas","succinate_fructose","SA","succinate","fructose",-2.05349622344742e-05,0.000288834501043678,"ns"
2,"Stenotrophomonas","succinate_fumarate","AA","succinate","fumarate",0.00199985242017644,0.00979090175322501,"ns"
2,"Stenotrophomonas","succinate_glutamine","AA","succinate","glutamine",-0.000213274547503848,0.000379744124755767,"ns"
2,"Stenotrophomonas","succinate_glycerol","SA","succinate","glycerol",-0.000265434844419327,0.000353536917756127,"ns"
2,"Stenotrophomonas","succinate_glycine","AA","succinate","glycine",-0.00213698846458827,0.000615816838362545,"signif"
2,"Stenotrophomonas","succinate_ribose","SA","succinate","ribose",0.000447284108152025,0.00144264287560105,"ns"
